time_ns,time_s,q0,q1,q2,q3,q4,q5
1778147909521135384,1778147909.5211356,-2.2685049215899866,-0.9850269717029114,-1.9157803058624268,-1.238261805181839,1.017577052116394,0.7406228184700012
1778147909536993136,1778147909.536993,-2.268416706715719,-0.9849632543376465,-1.9157720804214478,-1.23829801500354,1.01755690574646,0.7406347393989563
1778147909558705507,1778147909.5587056,-2.2684691588031214,-0.984967367058136,-1.9157122373580933,-1.2382658881000062,1.0175533294677734,0.7406263947486877
1778147909576342997,1778147909.576343,-2.2684810797320765,-0.9849352997592469,-1.9157843589782715,-1.2382986110499878,1.0176334381103516,0.7406555414199829
1778147909596418710,1778147909.5964189,-2.268489662800924,-0.9849628371051331,-1.915788173675537,-1.2383067172816773,1.0175650119781494,0.740638792514801
1778147909616459686,1778147909.6164598,-2.2684810797320765,-0.9850112956813355,-1.9157683849334717,-1.2382457119277497,1.0175728797912598,0.740626335144043
1778147909636366341,1778147909.6363664,-2.2684887091266077,-0.9849829834750672,-1.915820598602295,-1.238233820801117,1.0175158977508545,0.7405985593795776
1778147909656305742,1778147909.6563058,-2.2685135046588343,-0.984998421078064,-1.9157683849334717,-1.2382498544505616,1.0175728797912598,0.7406263947486877
1778147909676468838,1778147909.6764688,-2.268533531819479,-0.9850590390018006,-1.915764331817627,-1.238245741730072,1.01759672164917,0.7405985593795776
1778147909696667552,1778147909.6966677,-2.268496338521139,-0.9850389522365113,-1.915812373161316,-1.238234208231308,1.0175888538360596,0.7406108975410461
1778147909716317515,1778147909.7163177,-2.268529240285055,-0.9850793045810242,-1.9158004522323608,-1.2382062834552308,1.01759672164917,0.7406228184700012
1778147909736375650,1778147909.7363756,-2.268508259450094,-0.9850834173015137,-1.9157397747039795,-1.2382062834552308,1.017608642578125,0.7406228184700012
1778147909756422124,1778147909.7564223,-2.2685373465167444,-0.9850507539561768,-1.9157278537750244,-1.2382103961757203,1.0176210403442383,0.740578830242157
1778147909776567337,1778147909.7765675,-2.268496338521139,-0.9850834173015137,-1.915772557258606,-1.2382021707347413,1.017592430114746,0.7405710220336914
1778147909796456906,1778147909.796457,-2.2685373465167444,-0.9850389522365113,-1.9157443046569824,-1.238178328876831,1.0176010131835938,0.7406150102615356
1778147909816518071,1778147909.8165183,-2.268512550984518,-0.9850709599307557,-1.9157766103744507,-1.2382027369788666,1.017633318901062,0.7406030893325806
1778147909836458528,1778147909.8364587,-2.2685702482806605,-0.9850751918605347,-1.9157283306121826,-1.2382022005370636,1.017624855041504,0.7406030893325806
1778147909856404451,1778147909.8564045,-2.268528763447897,-0.9850994509509583,-1.9157323837280273,-1.2381742161563416,1.017641544342041,0.7405508756637573
1778147909876374325,1778147909.8763745,-2.2685211340533655,-0.9850877088359375,-1.9156599044799805,-1.2381575268558045,1.0175848007202148,0.7405627965927124
1778147909896382246,1778147909.8963823,-2.2685368696795862,-0.9850994509509583,-1.9156763553619385,-1.2381943327239533,1.0176373720169067,0.7405669093132019
1778147909916364319,1778147909.9163644,-2.268561665211813,-0.9850877088359375,-1.9156763553619385,-1.2381902498057862,1.0176416635513306,0.7405550479888916
1778147909936364888,1778147909.936365,-2.2685659567462366,-0.9850834173015137,-1.9156804084777832,-1.2381902498057862,1.0176129341125488,0.7405669093132019
1778147909956341252,1778147909.9563413,-2.268528763447897,-0.9850710195354004,-1.915692687034607,-1.2381659609130402,1.0175838470458984,0.7405549883842468
1778147909976386117,1778147909.976386,-2.268508259450094,-0.9851113718799134,-1.9156763553619385,-1.2381783586791535,1.0176043510437012,0.7405633926391602
1778147909996448408,1778147909.9964485,-2.2685774008380335,-0.9850792449763794,-1.9156640768051147,-1.2382021409324189,1.0176129341125488,0.7405750751495361
1778147910016435611,1778147910.0164359,-2.268524471913473,-0.9850876492312928,-1.9156805276870728,-1.238178328876831,1.0176535844802856,0.7405182719230652
1778147910036497063,1778147910.0364974,-2.268524471913473,-0.9850912255099793,-1.9156640768051147,-1.2381374400905152,1.01762056350708,0.7405829429626465
1778147910056303021,1778147910.0563033,-2.2685611883746546,-0.985079364185669,-1.9156887531280518,-1.2382103365710755,1.0175838470458984,0.7405468225479126
1778147910076299385,1778147910.0762994,-2.2685487906085413,-0.9850710195354004,-1.915684461593628,-1.238161639576294,1.017592430114746,0.7405468225479126
1778147910096416967,1778147910.0964172,-2.2685492674456995,-0.9850877088359375,-1.9156723022460938,-1.2382026773742218,1.0176490545272827,0.740587055683136
1778147910116376562,1778147910.1163766,-2.2685330549823206,-0.9850793045810242,-1.915692687034607,-1.2381825608066102,1.0176043510437012,0.7405829429626465
1778147910136309735,1778147910.1363099,-2.2685654799090784,-0.9850542110255738,-1.9156603813171387,-1.2381456655314942,1.0176653861999512,0.7405829429626465
1778147910156241439,1778147910.1562414,-2.268545452748434,-0.9850877088359375,-1.9156444072723389,-1.2381985646537323,1.0176329612731934,0.7405710220336914
1778147910176355104,1778147910.1763551,-2.268512550984518,-0.9850834173015137,-1.915656328201294,-1.238186703329422,1.017608642578125,0.7406030297279358
1778147910196332549,1778147910.1963327,-2.26854116121401,-0.9850626748851319,-1.9156805276870728,-1.2381902796081086,1.0175474882125854,0.740534245967865
1778147910216250436,1778147910.2162504,-2.2684925238238733,-0.985079364185669,-1.9156681299209595,-1.2381535035422822,1.0176044702529907,0.7405834794044495
1778147910236381217,1778147910.2363813,-2.268545452748434,-0.9850626152804871,-1.9156886339187622,-1.2381742161563416,1.0176290273666382,0.7405343055725098
1778147910256387623,1778147910.2563877,-2.2685535589801233,-0.9850912255099793,-1.915692687034607,-1.2382021409324189,1.0176458358764648,0.7405750751495361
1778147910276294482,1778147910.2762945,-2.268557373677389,-0.9850667280009766,-1.915700912475586,-1.2381701630404969,1.017617106437683,0.7405628561973572
1778147910296410932,1778147910.296411,-2.268528763447897,-0.9851154846004029,-1.9156763553619385,-1.2381742161563416,1.01765775680542,0.7405710220336914
1778147910316426952,1778147910.3164272,-2.2685168425189417,-0.985102967625,-1.9157087802886963,-1.2381535035422822,1.0176770687103271,0.7405994534492493
1778147910336318292,1778147910.3363183,-2.2684806028949183,-0.9850793045810242,-1.9157087802886963,-1.2381575864604493,1.0176119804382324,0.7406030297279358
1778147910356380358,1778147910.3563805,-2.2685492674456995,-0.9850389522365113,-1.9156603813171387,-1.2382069689086457,1.0176576375961304,0.7405591011047363
1778147910376252722,1778147910.376253,-2.2684882322894495,-0.9851197165301819,-1.9156479835510254,-1.238178328876831,1.0176119804382324,0.7405829429626465
1778147910396403738,1778147910.3964038,-2.2685654799090784,-0.9850667876056214,-1.9157164096832275,-1.2382070285132905,1.0176000595092773,0.7405508756637573
1778147910416419877,1778147910.41642,-2.268557850514547,-0.9851036828807374,-1.915700912475586,-1.2381985944560547,1.0176490545272827,0.740587055683136
1778147910436452020,1778147910.4364522,-2.2685330549823206,-0.9850953382304688,-1.9156200885772705,-1.2381943327239533,1.0176329612731934,0.7405751347541809
1778147910461871934,1778147910.461872,-2.2685049215899866,-0.9851280015758057,-1.915696382522583,-1.238170103435852,1.0176490545272827,0.7405383586883545
1778147910476304554,1778147910.4763048,-2.268496815358297,-0.9850953978351136,-1.9156484603881836,-1.2381782990745087,1.0175882577896118,0.7405710816383362
1778147910496362965,1778147910.4963632,-2.268545452748434,-0.9850751918605347,-1.9156320095062256,-1.2382145685008545,1.0175883769989014,0.7405425310134888
1778147910516314044,1778147910.5163143,-2.268528763447897,-0.9850834173015137,-1.915692687034607,-1.2381825906089325,1.0175678730010986,0.7405591011047363
1778147910536396120,1778147910.536396,-2.2684806028949183,-0.9851036828807374,-1.9156242609024048,-1.238178328876831,1.0176044702529907,0.740534245967865
1778147910556328687,1778147910.5563288,-2.268528763447897,-0.9851036828807374,-1.9156723022460938,-1.2381659311107178,1.0176457166671753,0.7405675053596497
1778147910576772255,1778147910.5767725,-2.268484894429342,-0.9850793045810242,-1.9156603813171387,-1.2381582719138642,1.0176373720169067,0.7405911087989807
1778147910596340263,1778147910.5963404,-2.2685368696795862,-0.9851119083217164,-1.9156886339187622,-1.238194302921631,1.017608642578125,0.7405509352684021
1778147910616284904,1778147910.616285,-2.268528763447897,-0.9851559561542054,-1.9156886339187622,-1.2381659311107178,1.017628788948059,0.7406231164932251
1778147910636435513,1778147910.6364355,-2.2685654799090784,-0.9850994509509583,-1.9156681299209595,-1.238174245958664,1.0176289081573486,0.740587055683136
1778147910656420627,1778147910.6564207,-2.2685330549823206,-0.9850877088359375,-1.9156681299209595,-1.2381985944560547,1.017595887184143,0.740578830242157
1778147910676734713,1778147910.676735,-2.2685330549823206,-0.9850953382304688,-1.9156886339187622,-1.2381783884814759,1.01762056350708,0.7405710220336914
1778147910696274658,1778147910.6962748,-2.2684763113604944,-0.985123948459961,-1.915684461593628,-1.2382103663733979,1.017608642578125,0.7405306696891785
1778147910716390754,1778147910.7163908,-2.2685330549823206,-0.9850710195354004,-1.915696382522583,-1.2381902200034638,1.0176329612731934,0.7405911684036255
1778147910736353979,1778147910.736354,-2.268484894429342,-0.985136405830719,-1.915724754333496,-1.2381902796081086,1.0176373720169067,0.7405911087989807
1778147910756483980,1778147910.7564843,-2.2685697714435022,-0.9850381773761292,-1.9156723022460938,-1.2382062536529084,1.0176414251327515,0.7405669093132019
1778147910776310124,1778147910.7763102,-2.2685492674456995,-0.9850994509509583,-1.9156886339187622,-1.238214598303177,1.0176329612731934,0.7405788898468018
1778147910796328890,1778147910.796329,-2.268512550984518,-0.9850667876056214,-1.915676236152649,-1.2381986242583771,1.0175477266311646,0.7405383586883545
1778147910816413943,1778147910.816414,-2.2684806028949183,-0.9850917619517823,-1.9156886339187622,-1.2381456357291718,1.0176490545272827,0.740578830242157
1778147910836331751,1778147910.8363318,-2.2685368696795862,-0.9850877088359375,-1.9156723022460938,-1.2381909650615235,1.0176044702529907,0.7405989766120911
1778147910856552428,1778147910.8565526,-2.2684806028949183,-0.9851113718799134,-1.9156804084777832,-1.2381659311107178,1.0176372528076172,0.7405182719230652
1778147910876319487,1778147910.8763196,-2.2685368696795862,-0.9850507539561768,-1.9156681299209595,-1.2382346850684662,1.0176289081573486,0.7405301332473755
1778147910896406371,1778147910.8964064,-2.2685168425189417,-0.9851113718799134,-1.9156923294067383,-1.2381985944560547,1.0176372528076172,0.7405669093132019
1778147910916370483,1778147910.9163706,-2.268545452748434,-0.9851077956012269,-1.9157328605651855,-1.238214598303177,1.0176169872283936,0.7405468225479126
1778147910936465882,1778147910.936466,-2.268545452748434,-0.9850834173015137,-1.9156886339187622,-1.2382021707347413,1.017600178718567,0.7405384182929993
1778147910956302024,1778147910.9563022,-2.268528763447897,-0.9851036828807374,-1.9157207012176514,-1.2381575566581269,1.0175960063934326,0.7405710220336914
1778147910976342263,1778147910.9763424,-2.268528763447897,-0.9850667280009766,-1.9157207012176514,-1.238178328876831,1.0175764560699463,0.7405223250389099
1778147910996222828,1778147910.9962227,-2.268496815358297,-0.9851154249957581,-1.9156886339187622,-1.2381493908217927,1.0175639390945435,0.7405911087989807
1778147911016289691,1778147911.01629,-2.2685697714435022,-0.9850953382304688,-1.9156360626220703,-1.238178328876831,1.0176128149032593,0.7406030297279358
1778147911036226701,1778147911.036227,-2.2685654799090784,-0.9851072591594239,-1.9156723022460938,-1.2381535035422822,1.0176044702529907,0.740587055683136
1778147911056306013,1778147911.0563061,-2.268557850514547,-0.9850877088359375,-1.9156763553619385,-1.2381825906089325,1.0176079273223877,0.7405911684036255
1778147911076316544,1778147911.0763168,-2.2685206572162073,-0.9851037424853821,-1.9156079292297363,-1.2382026773742218,1.0176455974578857,0.7405869960784912
1778147911098723361,1778147911.0987234,-2.2685087362872522,-0.9851364654353638,-1.9156723022460938,-1.238170103435852,1.0175724029541016,0.7406071424484253
1778147911116396967,1778147911.1163971,-2.268468205128805,-0.9850542706302186,-1.915684461593628,-1.238141582613327,1.0175961256027222,0.7405747771263123
1778147911136327348,1778147911.1363275,-2.2685492674456995,-0.9850869339755555,-1.9156200885772705,-1.2381575864604493,1.0176615715026855,0.7405424118041992
1778147911156362018,1778147911.156362,-2.2684925238238733,-0.9851197761348267,-1.9157047271728516,-1.2381861072829743,1.0176247358322144,0.7405633330345154
1778147911179874668,1778147911.1798747,-2.2684882322894495,-0.9850752514651795,-1.9156640768051147,-1.2381742161563416,1.017588496208191,0.7405509352684021
1778147911196283328,1778147911.1962836,-2.268484417592184,-0.9850793045810242,-1.9156886339187622,-1.2381825906089325,1.0176162719726562,0.740534245967865
1778147911216357244,1778147911.2163572,-2.2685535589801233,-0.9851113718799134,-1.915676236152649,-1.2381575566581269,1.0176329612731934,0.7406030893325806
1778147911236263022,1778147911.236263,-2.2685087362872522,-0.9850953382304688,-1.915704607963562,-1.2381456655314942,1.0176609754562378,0.7405989766120911
1778147911257651067,1778147911.257651,-2.2685211340533655,-0.9850500983050843,-1.915684461593628,-1.2381985646537323,1.017588496208191,0.7405751347541809
1778147911276659254,1778147911.2766593,-2.268512550984518,-0.9850869339755555,-1.915648102760315,-1.2381742161563416,1.0175765752792358,0.7405829429626465
1778147911296362730,1778147911.2963629,-2.268500630055563,-0.9850953382304688,-1.915704607963562,-1.2381333273700257,1.0176372528076172,0.7405911684036255
1778147911316312317,1778147911.3163123,-2.2685211340533655,-0.9851072591594239,-1.9156639575958252,-1.2382103365710755,1.01762056350708,0.740542471408844
1778147911336306412,1778147911.3363066,-2.268524471913473,-0.9851280611804505,-1.9156723022460938,-1.2381701630404969,1.0176002979278564,0.7405550479888916
1778147911356346830,1778147911.356347,-2.268512550984518,-0.9850710195354004,-1.915656328201294,-1.2382069391063233,1.0176080465316772,0.7405669689178467
1778147911376326386,1778147911.3763266,-2.2685654799090784,-0.985087053184845,-1.9156640768051147,-1.2381826502135773,1.0176002979278564,0.7405549883842468
1778147911396317709,1778147911.3963177,-2.2685087362872522,-0.9850828808597107,-1.9156723022460938,-1.238174245958664,1.0176008939743042,0.7405954003334045
1778147911416488737,1778147911.416489,-2.2685492674456995,-0.9851197761348267,-1.9156640768051147,-1.2381866735270997,1.0176080465316772,0.7405509352684021
1778147911436457987,1778147911.436458,-2.2685697714435022,-0.9850751918605347,-1.915684461593628,-1.2381825906089325,1.0176045894622803,0.7405830025672913
1778147911456319141,1778147911.4563193,-2.268512550984518,-0.9851197165301819,-1.9156723022460938,-1.2382145685008545,1.0175926685333252,0.7405669093132019
1778147911476315816,1778147911.476316,-2.2685163656817835,-0.9850953382304688,-1.9156886339187622,-1.2382062536529084,1.0176289081573486,0.7405509352684021
1778147911496286514,1778147911.4962866,-2.268524948750631,-0.9850953382304688,-1.9156603813171387,-1.2382103663733979,1.0176126956939697,0.7405994534492493
1778147911516305829,1778147911.516306,-2.268484894429342,-0.9850994509509583,-1.9156804084777832,-1.2381783586791535,1.0176002979278564,0.7405751347541809
1778147911536455069,1778147911.5364554,-2.2685211340533655,-0.9851077956012269,-1.915684461593628,-1.2382221978953858,1.0176372528076172,0.7405710220336914
1778147911556263257,1778147911.5562632,-2.268545452748434,-0.9851197165301819,-1.9156723022460938,-1.2381535035422822,1.0176329612731934,0.7405383586883545
1778147911576214869,1778147911.5762148,-2.268508259450094,-0.9850917619517823,-1.9156723022460938,-1.238210306768753,1.0175681114196777,0.740587055683136
1778147911596332880,1778147911.596333,-2.268528763447897,-0.9851036828807374,-1.9156845808029175,-1.238174245958664,1.0176209211349487,0.7406030297279358
1778147911616360072,1778147911.6163602,-2.2684925238238733,-0.9850953382304688,-1.9156923294067383,-1.2382145685008545,1.0176329612731934,0.7405591011047363
1778147911636227995,1778147911.6362283,-2.268528763447897,-0.9850834173015137,-1.915684461593628,-1.2382221978953858,1.0176126956939697,0.7406071424484253
1778147911656260735,1778147911.6562607,-2.2685774008380335,-0.9850953382304688,-1.9156723022460938,-1.238186166887619,1.017641305923462,0.7405508756637573
1778147911676380168,1778147911.6763802,-2.268520180379049,-0.9850667280009766,-1.9156521558761597,-1.2381742757609864,1.0176162719726562,0.7405994534492493
1778147911696237327,1778147911.6962373,-2.268545452748434,-0.9851037424853821,-1.915704607963562,-1.2381782692721863,1.0176126956939697,0.7405549883842468
1778147911716194376,1778147911.7161944,-2.268484417592184,-0.9850953382304688,-1.9156681299209595,-1.2381741863540192,1.017608642578125,0.7405669093132019
1778147911737440368,1778147911.7374403,-2.268585507069723,-0.985123948459961,-1.9156967401504517,-1.238174245958664,1.0176002979278564,0.7405627965927124
1778147911756198549,1778147911.756199,-2.268500630055563,-0.9850953382304688,-1.9156723022460938,-1.238178328876831,1.01762056350708,0.7405306696891785
1778147911776261398,1778147911.7762616,-2.268557373677389,-0.9850752514651795,-1.9156723022460938,-1.2381861370852967,1.017649531364441,0.7405751347541809
1778147911796309049,1778147911.796309,-2.2685211340533655,-0.9850751918605347,-1.9156763553619385,-1.2381576162627717,1.0175604820251465,0.7405834794044495
1778147911816193871,1778147911.8161938,-2.2685940901385706,-0.9850917619517823,-1.9157004356384277,-1.2381902200034638,1.0176454782485962,0.7405427098274231
1778147911836174525,1778147911.8361747,-2.2685373465167444,-0.9850834173015137,-1.915757179260254,-1.2381825608066102,1.017628788948059,0.7405550479888916
1778147911856236194,1778147911.8562365,-2.2685373465167444,-0.9850667280009766,-1.915724754333496,-1.2381659311107178,1.0176002979278564,0.7405549883842468
1778147911876248135,1778147911.8762481,-2.2684877554522913,-0.9850710195354004,-1.9157123565673828,-1.2381415528110047,1.0176122188568115,0.7405549883842468
1778147911896292499,1778147911.8962927,-2.268528763447897,-0.9850994509509583,-1.9156723022460938,-1.2382026475718995,1.0176329612731934,0.74057936668396
1778147911918642525,1778147911.9186425,-2.268524471913473,-0.9850953382304688,-1.9156723022460938,-1.2381985944560547,1.0176162719726562,0.7406030297279358
1778147911936282944,1778147911.9362829,-2.2685659567462366,-0.9851197761348267,-1.915696382522583,-1.2381575268558045,1.0176533460617065,0.7406070828437805
1778147911956299458,1778147911.9562995,-2.268524471913473,-0.9850626152804871,-1.9157452583312988,-1.2382263404181977,1.0175760984420776,0.7405669093132019
1778147911976234663,1778147911.976235,-2.268520180379049,-0.9850626748851319,-1.9157452583312988,-1.2381700736335297,1.01762056350708,0.7405751347541809
1778147911996313403,1778147911.9963136,-2.268528763447897,-0.98513217390094,-1.915716528892517,-1.2381575864604493,1.0176002979278564,0.740587055683136
1778147912016266180,1778147912.0162663,-2.268512550984518,-0.9851154846004029,-1.9156639575958252,-1.2381943625262757,1.0176650285720825,0.740587055683136
1778147912036299065,1778147912.0362992,-2.268524471913473,-0.9850828808597107,-1.9157129526138306,-1.2381783586791535,1.0176039934158325,0.7405509352684021
1778147912056206330,1778147912.0562065,-2.26854116121401,-0.9850953382304688,-1.9156603813171387,-1.2382103365710755,1.0176246166229248,0.7405751347541809
1778147912076277258,1778147912.0762773,-2.268528763447897,-0.9850877088359375,-1.9156723022460938,-1.238174245958664,1.0176122188568115,0.7405829429626465
1778147912097553139,1778147912.0975533,-2.2684806028949183,-0.985030547981598,-1.9156681299209595,-1.238178328876831,1.0176080465316772,0.74057936668396
1778147912116301695,1778147912.1163018,-2.268496815358297,-0.9851240080646058,-1.915656328201294,-1.2381374698928376,1.0176414251327515,0.7405751347541809
1778147912136372144,1778147912.1363723,-2.268528763447897,-0.9850751918605347,-1.9156438112258911,-1.238128976230957,1.0176126956939697,0.7405834197998047
1778147912156234818,1778147912.156235,-2.268512550984518,-0.9850994509509583,-1.9156763553619385,-1.2381616693786164,1.0175682306289673,0.74057936668396
1778147912176483184,1778147912.1764832,-2.2685368696795862,-0.9850877088359375,-1.9156805276870728,-1.2381701332381745,1.0175725221633911,0.74057936668396
1778147912196267778,1778147912.1962678,-2.2684806028949183,-0.9850585621646424,-1.9156763553619385,-1.2381700438312073,1.0176163911819458,0.7405508160591125
1778147912216181445,1778147912.2161815,-2.2685492674456995,-0.9850793045810242,-1.9157004356384277,-1.2381783586791535,1.01762056350708,0.7405751347541809
1778147912236219682,1778147912.2362196,-2.2685535589801233,-0.9850877088359375,-1.9156639575958252,-1.2381659311107178,1.01759672164917,0.7405954003334045
1778147912256244267,1778147912.2562444,-2.2685206572162073,-0.9850953978351136,-1.915659785270691,-1.2381742161563416,1.017673373222351,0.7405751347541809
1778147912276508942,1778147912.276509,-2.2684925238238733,-0.985136405830719,-1.9156479835510254,-1.2381742161563416,1.0176693201065063,0.7405427694320679
1778147912296309800,1778147912.29631,-2.2685492674456995,-0.9851197165301819,-1.9156639575958252,-1.2381701332381745,1.0176162719726562,0.7405907511711121
1778147912316276319,1778147912.3162763,-2.2685168425189417,-0.9851154846004029,-1.9156723022460938,-1.2381616693786164,1.0175961256027222,0.740587055683136
1778147912336443214,1778147912.3364432,-2.268496815358297,-0.9851280015758057,-1.9156479835510254,-1.2381902498057862,1.0175806283950806,0.7405383586883545
1778147912356296168,1778147912.3562963,-2.268500630055563,-0.9851113718799134,-1.9156681299209595,-1.2381861370852967,1.0176573991775513,0.7405301928520203
1778147912376484138,1778147912.3764842,-2.26848012605776,-0.9850834173015137,-1.9156802892684937,-1.2381575864604493,1.0176650285720825,0.7405954003334045
1778147912396390086,1778147912.3963902,-2.26854116121401,-0.9850994509509583,-1.915676474571228,-1.2382103365710755,1.0176372528076172,0.7405794262886047
1778147912418510329,1778147912.4185104,-2.268524471913473,-0.9850585621646424,-1.9156438112258911,-1.2382062834552308,1.0176448822021484,0.7405628561973572
1778147912436390108,1778147912.4363902,-2.2685368696795862,-0.985102967625,-1.915676474571228,-1.238178328876831,1.0176329612731934,0.7405710220336914
1778147912456490443,1778147912.4564905,-2.2685368696795862,-0.9851280015758057,-1.9156968593597412,-1.2382223767093201,1.0176414251327515,0.7405633330345154
1778147912476447528,1778147912.4764476,-2.2684930006610315,-0.9850626748851319,-1.9156520366668701,-1.2381456655314942,1.0176329612731934,0.7405751347541809
1778147912496394064,1778147912.4963942,-2.2685368696795862,-0.9850793045810242,-1.9156520366668701,-1.2382027071765442,1.017628788948059,0.7405669093132019
1778147912516556555,1778147912.5165567,-2.268472973500387,-0.9850994509509583,-1.9156802892684937,-1.2381582719138642,1.0176128149032593,0.7405669093132019
1778147912536391794,1778147912.5363917,-2.2685368696795862,-0.9850667280009766,-1.9157005548477173,-1.2381742757609864,1.01762056350708,0.7405383586883545
1778147912556254880,1778147912.556255,-2.2685330549823206,-0.9851154846004029,-1.9156681299209595,-1.238178328876831,1.017628788948059,0.740587055683136
1778147912576368175,1778147912.5763683,-2.268545452748434,-0.9850953382304688,-1.9156603813171387,-1.2381499272635956,1.0176693201065063,0.7405549883842468
1778147912596535562,1778147912.5965357,-2.26854116121401,-0.9850834173015137,-1.9157005548477173,-1.2381616693786164,1.0176122188568115,0.7405829429626465
1778147912616516816,1778147912.616517,-2.268561665211813,-0.9851037424853821,-1.9156603813171387,-1.2381659311107178,1.0176045894622803,0.7405591011047363
1778147912636464590,1778147912.6364648,-2.2685330549823206,-0.985050694351532,-1.915676474571228,-1.2382306319526215,1.0176372528076172,0.740534245967865
1778147912656344150,1778147912.6563442,-2.268557373677389,-0.9850626152804871,-1.9156360626220703,-1.2381779712489625,1.0176002979278564,0.7405627965927124
1778147912676310610,1778147912.6763105,-2.268524471913473,-0.9850710195354004,-1.9157047271728516,-1.2381659311107178,1.0176039934158325,0.7405140995979309
1778147912697513373,1778147912.6975136,-2.268528763447897,-0.9850877088359375,-1.9156805276870728,-1.2381456953338166,1.01762056350708,0.7405424118041992
1778147912718556274,1778147912.7185562,-2.2685330549823206,-0.985136405830719,-1.9156886339187622,-1.2381782990745087,1.0176454782485962,0.7405869960784912
1778147912736249216,1778147912.7362494,-2.268484894429342,-0.9851280015758057,-1.9156886339187622,-1.2381742757609864,1.0176573991775513,0.740587055683136
1778147912756346196,1778147912.7563462,-2.2685168425189417,-0.9850585621646424,-1.9156639575958252,-1.2381943625262757,1.0176454782485962,0.7405549883842468
1778147912776235812,1778147912.7762358,-2.2684806028949183,-0.9850834173015137,-1.9156928062438965,-1.2381985944560547,1.01762056350708,0.7405829429626465
1778147912796277145,1778147912.7962773,-2.2685492674456995,-0.9851077956012269,-1.9157005548477173,-1.2381659013083954,1.0176246166229248,0.740578830242157
1778147912816635175,1778147912.8166351,-2.2685087362872522,-0.985091821556427,-1.9156277179718018,-1.2381576162627717,1.017649531364441,0.7405509352684021
1778147912836283907,1778147912.836284,-2.26854116121401,-0.9851197165301819,-1.9157088994979858,-1.2381782990745087,1.017608642578125,0.7405751347541809
1778147912856433580,1778147912.8564339,-2.268585983906881,-0.9851113718799134,-1.9157087802886963,-1.2381616693786164,1.0176045894622803,0.740542471408844
1778147912876448825,1778147912.8764489,-2.2685211340533655,-0.9850668472102662,-1.91572904586792,-1.2381943327239533,1.0176246166229248,0.7405989766120911
1778147912896369299,1778147912.8963695,-2.26854116121401,-0.985123948459961,-1.9157047271728516,-1.2381985944560547,1.0176572799682617,0.740542471408844
1778147912916290551,1778147912.9162908,-2.2685611883746546,-0.9850994509509583,-1.9156520366668701,-1.238214598303177,1.0176045894622803,0.7405468821525574
1778147912936260502,1778147912.9362607,-2.268528763447897,-0.9851037424853821,-1.9157124757766724,-1.2382181149772187,1.0175801515579224,0.7405829429626465
1778147912956397909,1778147912.956398,-2.268557373677389,-0.985095278625824,-1.9156969785690308,-1.2381415528110047,1.017653226852417,0.7405383586883545
1778147912976357971,1778147912.976358,-2.268545452748434,-0.9850953382304688,-1.9156681299209595,-1.2381540101817627,1.01762056350708,0.7405710220336914
1778147912996398256,1778147912.9963984,-2.2685368696795862,-0.9850834173015137,-1.9157005548477173,-1.2381943625262757,1.0176045894622803,0.74057936668396
1778147913016265549,1778147913.0162656,-2.2685168425189417,-0.9850834173015137,-1.915659785270691,-1.2382146281054993,1.0176002979278564,0.7405989766120911
1778147913036392518,1778147913.0363925,-2.2684763113604944,-0.9850626152804871,-1.9156402349472046,-1.2381985944560547,1.017584204673767,0.7405750751495361
1778147913056339634,1778147913.0563397,-2.268569294606344,-0.9850917619517823,-1.915696382522583,-1.2381583017161866,1.0176002979278564,0.7405669093132019
1778147913076230293,1778147913.0762305,-2.268528763447897,-0.9850834173015137,-1.9156317710876465,-1.2381783586791535,1.0175760984420776,0.7405627965927124
1778147913096232213,1778147913.0962324,-2.26854116121401,-0.9850834173015137,-1.9156802892684937,-1.2381866735270997,1.0175925493240356,0.7405829429626465
1778147913116235547,1778147913.1162357,-2.268496815358297,-0.9850793045810242,-1.915676474571228,-1.2382062834552308,1.0176080465316772,0.7405306696891785
1778147913136373576,1778147913.1363735,-2.26854116121401,-0.985050694351532,-1.9156681299209595,-1.2381980580142518,1.0175725221633911,0.7405509352684021
1778147913156292687,1778147913.1562927,-2.2684763113604944,-0.9850793045810242,-1.9156639575958252,-1.2382062834552308,1.0176045894622803,0.7406071424484253
1778147913176300626,1778147913.1763008,-2.268512550984518,-0.9851113718799134,-1.9156438112258911,-1.2381700438312073,1.017616868019104,0.7405140995979309
1778147913196415537,1778147913.1964157,-2.268528763447897,-0.9850912255099793,-1.9156520366668701,-1.2381742161563416,1.017661452293396,0.740546703338623
1778147913216322931,1778147913.216323,-2.2685330549823206,-0.9851364654353638,-1.9156639575958252,-1.2381986242583771,1.017641305923462,0.7405911684036255
1778147913236473975,1778147913.236474,-2.2685087362872522,-0.985091821556427,-1.9156639575958252,-1.2381575566581269,1.017649531364441,0.7405747771263123
1778147913256402163,1778147913.2564023,-2.268512550984518,-0.9850666683963318,-1.915655493736267,-1.2381659311107178,1.0176080465316772,0.7405669093132019
1778147913276587491,1778147913.2765877,-2.2685211340533655,-0.9850953382304688,-1.9156639575958252,-1.2381943625262757,1.0175801515579224,0.7405911684036255
1778147913296663530,1778147913.2966638,-2.268545452748434,-0.985082821255066,-1.9156639575958252,-1.2381742161563416,1.0176454782485962,0.7405829429626465
1778147913316419452,1778147913.3164194,-2.2685330549823206,-0.9850667280009766,-1.91566801071167,-1.2381616991809388,1.017641305923462,0.7405751347541809
1778147913336610019,1778147913.33661,-2.268524471913473,-0.9850834173015137,-1.9156519174575806,-1.2381498974612732,1.017608642578125,0.7405628561973572
1778147913356197792,1778147913.356198,-2.268545452748434,-0.9850877088359375,-1.915696382522583,-1.238222287302353,1.0176454782485962,0.7406030297279358
1778147913376427233,1778147913.3764274,-2.268545452748434,-0.9850834173015137,-1.9156723022460938,-1.238157497053482,1.017608642578125,0.7405468821525574
1778147913396414016,1778147913.396414,-2.2685168425189417,-0.9851198357394715,-1.9157054424285889,-1.2381701630404969,1.0176045894622803,0.7405548691749573
1778147913416275021,1778147913.416275,-2.268524471913473,-0.9850953382304688,-1.9156802892684937,-1.238186703329422,1.01762056350708,0.7405948638916016
1778147913436320612,1778147913.4363205,-2.2685330549823206,-0.9850465816310425,-1.9156681299209595,-1.238128976230957,1.0176246166229248,0.7405829429626465
1778147913456260214,1778147913.4562602,-2.2685168425189417,-0.9850465816310425,-1.9156520366668701,-1.2381902498057862,1.0176122188568115,0.7405301332473755
1778147913476333245,1778147913.4763334,-2.268520180379049,-0.9850751322558899,-1.915684461593628,-1.2381290060332795,1.0176246166229248,0.740542471408844
1778147913496211904,1778147913.496212,-2.2685168425189417,-0.9851113718799134,-1.9156681299209595,-1.238161639576294,1.0176128149032593,0.7405750751495361
1778147913516230868,1778147913.516231,-2.268496815358297,-0.9850667280009766,-1.9156802892684937,-1.2381582719138642,1.0175801515579224,0.7405751347541809
1778147913536273684,1778147913.5362737,-2.2685211340533655,-0.9850953382304688,-1.9156277179718018,-1.238174245958664,1.0175646543502808,0.7405750751495361
1778147913556294780,1778147913.5562947,-2.2684882322894495,-0.9851280611804505,-1.9156478643417358,-1.2382146579078217,1.0176414251327515,0.7405829429626465
1778147913576196590,1778147913.5761967,-2.268545452748434,-0.9850994509509583,-1.9157166481018066,-1.2381171447089692,1.0176002979278564,0.7405911087989807
1778147913596419395,1778147913.5964193,-2.2685497442828577,-0.9851037424853821,-1.915676474571228,-1.238117293720581,1.0176007747650146,0.7406030297279358
1778147913616596802,1778147913.616597,-2.268528763447897,-0.9851113718799134,-1.91566801071167,-1.2382103365710755,1.017641305923462,0.7405751347541809
1778147913636299209,1778147913.6362994,-2.268528763447897,-0.9850584429553528,-1.9156887531280518,-1.2381333869746705,1.017608642578125,0.7405834794044495
1778147913656330831,1778147913.6563308,-2.2685211340533655,-0.9850834173015137,-1.915676474571228,-1.2381456357291718,1.0176247358322144,0.7405989766120911
1778147913676264599,1778147913.6762648,-2.268561665211813,-0.985054151420929,-1.9156886339187622,-1.2381902498057862,1.0175961256027222,0.7406071424484253
1778147913696242522,1778147913.6962426,-2.268520180379049,-0.9850834173015137,-1.9156806468963623,-1.2382062834552308,1.0176007747650146,0.7405752539634705
1778147913716447579,1778147913.7164476,-2.268524471913473,-0.9850626152804871,-1.9157124757766724,-1.238194302921631,1.017608642578125,0.7405591011047363
1778147913736377870,1778147913.736378,-2.268508259450094,-0.9850869339755555,-1.9157048463821411,-1.2381902796081086,1.0176328420639038,0.7405669093132019
1778147913756284048,1778147913.7562842,-2.2685049215899866,-0.9850953382304688,-1.9156723022460938,-1.2381985646537323,1.0176372528076172,0.7405468821525574
1778147913776197353,1778147913.7761974,-2.26848012605776,-0.9850793045810242,-1.915676474571228,-1.2382062834552308,1.0176209211349487,0.7405710220336914
1778147913796194341,1778147913.7961943,-2.268574062977926,-0.9851280015758057,-1.9156562089920044,-1.2381943625262757,1.0175646543502808,0.7405829429626465
1778147913816182621,1778147913.8161826,-2.268508259450094,-0.9850793045810242,-1.9156520366668701,-1.238178328876831,1.0175801515579224,0.7406071424484253
1778147913836289388,1778147913.8362894,-2.268496338521139,-0.9850834173015137,-1.9156723022460938,-1.238149420624115,1.0176045894622803,0.7405382990837097
1778147913856280357,1778147913.8562803,-2.268484417592184,-0.9850751918605347,-1.9157048463821411,-1.2381456357291718,1.017604947090149,0.7406030297279358
1778147913876348384,1778147913.8763485,-2.268524471913473,-0.9851154846004029,-1.915684461593628,-1.2382021707347413,1.0175807476043701,0.7405710220336914
1778147913896295364,1778147913.8962955,-2.268528763447897,-0.9850465816310425,-1.9156562089920044,-1.2381825906089325,1.0176372528076172,0.7405710220336914
1778147913916385849,1778147913.916386,-2.268545452748434,-0.9850710195354004,-1.9157124757766724,-1.2381616693786164,1.0176573991775513,0.7405911684036255
1778147913936239514,1778147913.9362397,-2.268496338521139,-0.9850833576968689,-1.9157005548477173,-1.238178328876831,1.01762056350708,0.7406030297279358
1778147913956347431,1778147913.9563475,-2.268496338521139,-0.9850793045810242,-1.9156562089920044,-1.2381498974612732,1.01762056350708,0.7405669093132019
1778147913976467997,1778147913.976468,-2.268528763447897,-0.9850793045810242,-1.9156802892684937,-1.2381825906089325,1.017649531364441,0.7405628561973572
1778147913996349182,1778147913.9963493,-2.2685492674456995,-0.9850877088359375,-1.915732979774475,-1.238174245958664,1.017588496208191,0.7406190633773804
1778147914016268148,1778147914.0162683,-2.268524471913473,-0.9850465816310425,-1.915684461593628,-1.238170103435852,1.0176537036895752,0.7405464053153992
1778147914036358781,1778147914.0363588,-2.2685168425189417,-0.9850751322558899,-1.9156075716018677,-1.2381782990745087,1.0176246166229248,0.7405710220336914
1778147914056271061,1778147914.0562713,-2.268524471913473,-0.9850666683963318,-1.9156887531280518,-1.2381902498057862,1.0176128149032593,0.740587055683136
1778147914076290168,1778147914.0762901,-2.2684925238238733,-0.9850994509509583,-1.915684461593628,-1.2381374400905152,1.0176329612731934,0.7406114339828491
1778147914096246004,1778147914.0962462,-2.2685330549823206,-0.9850994509509583,-1.915692925453186,-1.2382062834552308,1.0176454782485962,0.7405669093132019
1778147914116233995,1778147914.116234,-2.2685535589801233,-0.9850877088359375,-1.915676474571228,-1.2381986242583771,1.0176246166229248,0.740534245967865
1778147914136308594,1778147914.1363087,-2.2685330549823206,-0.9851037424853821,-1.9156519174575806,-1.2381825906089325,1.017608642578125,0.7405468225479126
1778147914156284616,1778147914.1562848,-2.2684925238238733,-0.9850793045810242,-1.9156358242034912,-1.238149420624115,1.0176615715026855,0.7405627965927124
1778147914176222019,1778147914.176222,-2.2684930006610315,-0.9850834173015137,-1.91566801071167,-1.238161639576294,1.0176246166229248,0.7405989766120911
1778147914196373191,1778147914.1963735,-2.268500630055563,-0.9851113718799134,-1.9156639575958252,-1.2381861370852967,1.0176372528076172,0.7405549883842468
1778147914216199187,1778147914.2161992,-2.268528763447897,-0.9850877088359375,-1.915692925453186,-1.2381943327239533,1.0175961256027222,0.7405744194984436
1778147914236270201,1778147914.2362702,-2.268512550984518,-0.9850585025599976,-1.915676474571228,-1.2381986242583771,1.0176769495010376,0.7405744791030884
1778147914256196071,1778147914.2561963,-2.2685211340533655,-0.9850626152804871,-1.9156358242034912,-1.2381456357291718,1.0176329612731934,0.740546703338623
1778147914276249300,1778147914.2762494,-2.268496815358297,-0.9851154846004029,-1.91566801071167,-1.238174245958664,1.0176002979278564,0.7405989766120911
1778147914296200239,1778147914.2962003,-2.268500630055563,-0.9850381177714844,-1.915676474571228,-1.2382466954043885,1.0176454782485962,0.7405914068222046
1778147914316194932,1778147914.316195,-2.268528763447897,-0.9851566714099427,-1.9157131910324097,-1.2381616693786164,1.0176162719726562,0.7405752539634705
1778147914336438062,1778147914.3364382,-2.268512550984518,-0.985091821556427,-1.9156761169433594,-1.238128976230957,1.017608642578125,0.7405548691749573
1778147914356216773,1778147914.356217,-2.268513027821676,-0.98513217390094,-1.915655493736267,-1.2381659311107178,1.01762056350708,0.7405914068222046
1778147914376299063,1778147914.3762991,-2.26854116121401,-0.9851113718799134,-1.9156519174575806,-1.2381575566581269,1.0175522565841675,0.7405591011047363
1778147914396256884,1778147914.396257,-2.2684882322894495,-0.9850994509509583,-1.9157167673110962,-1.2381498974612732,1.0176246166229248,0.7405667901039124
1778147914416283696,1778147914.4162838,-2.268545452748434,-0.985102967625,-1.9156639575958252,-1.2381980580142518,1.017669677734375,0.7405625581741333
1778147914436276807,1778147914.436277,-2.2685330549823206,-0.9851072591594239,-1.91566801071167,-1.2381825906089325,1.0175766944885254,0.7405710220336914
1778147914456266454,1778147914.4562666,-2.2685368696795862,-0.9850626152804871,-1.915631651878357,-1.2381498974612732,1.017580270767212,0.7406076192855835
1778147914476266529,1778147914.4762666,-2.26848012605776,-0.9850912255099793,-1.9156922101974487,-1.238178328876831,1.0176246166229248,0.7405752539634705
1778147914496244552,1778147914.4962447,-2.2684763113604944,-0.98513217390094,-1.9156477451324463,-1.2382103663733979,1.017575979232788,0.7405914664268494
1778147914516334879,1778147914.516335,-2.2685206572162073,-0.9850834173015137,-1.9156197309494019,-1.238161639576294,1.0176002979278564,0.7405710220336914
1778147914536290021,1778147914.5362902,-2.2685654799090784,-0.9851072591594239,-1.915737271308899,-1.2381700736335297,1.0176002979278564,0.7406076192855835
1778147914556194627,1778147914.5561948,-2.268528763447897,-0.9851356905749817,-1.9157249927520752,-1.2381576162627717,1.01762056350708,0.7405506372451782
1778147914576254623,1778147914.5762548,-2.2685168425189417,-0.9851072591594239,-1.9157048463821411,-1.238128976230957,1.0176162719726562,0.7405914068222046
1778147914596223984,1778147914.596224,-2.2685211340533655,-0.9851155442050477,-1.9156477451324463,-1.238182620411255,1.017608642578125,0.7405787110328674
1778147914616174409,1778147914.6161745,-2.2684806028949183,-0.9851113718799134,-1.9156197309494019,-1.2381373804858704,1.0175725221633911,0.7405710220336914
1778147914636231099,1778147914.6362312,-2.2685087362872522,-0.9850827020457764,-1.91566801071167,-1.2381616693786164,1.017628788948059,0.7405914068222046
1778147914656179731,1778147914.65618,-2.268528763447897,-0.9851238888553162,-1.9156240224838257,-1.2381861370852967,1.0176609754562378,0.7405710220336914
1778147914676171098,1778147914.676171,-2.2685211340533655,-0.9850793045810242,-1.915676474571228,-1.23814149320636,1.017641305923462,0.7405635118484497
1778147914696367175,1778147914.6963673,-2.2685492674456995,-0.9850959938815613,-1.915696382522583,-1.2381943327239533,1.0175601243972778,0.7405667901039124
1778147914716163722,1778147914.7161639,-2.2685368696795862,-0.9850625556758423,-1.915684461593628,-1.2381902498057862,1.017637014389038,0.7405871748924255
1778147914736278314,1778147914.7362783,-2.268528763447897,-0.9850625556758423,-1.9156887531280518,-1.2382062536529084,1.0176122188568115,0.7405380606651306
1778147914756318948,1778147914.756319,-2.2684925238238733,-0.9850465220263978,-1.9157209396362305,-1.2381659013083954,1.0176693201065063,0.7405548691749573
1778147914776211647,1778147914.7762117,-2.2685654799090784,-0.9850833576968689,-1.9157048463821411,-1.2381943625262757,1.0175807476043701,0.7405830025672913
1778147914796306726,1778147914.7963068,-2.2685049215899866,-0.9850953382304688,-1.915684461593628,-1.2381659311107178,1.0176448822021484,0.7406237721443176
1778147914816221666,1778147914.8162217,-2.2684925238238733,-0.9850304883769532,-1.9156519174575806,-1.238174245958664,1.0175957679748535,0.7406281232833862
1778147914836425797,1778147914.8364258,-2.268524471913473,-0.9851072591594239,-1.9157005548477173,-1.2381902498057862,1.0176491737365723,0.7406110167503357
1778147914856296566,1778147914.8562965,-2.2685211340533655,-0.9850793045810242,-1.91566801071167,-1.2381902200034638,1.0176043510437012,0.7406206727027893
1778147914876316076,1778147914.8763163,-2.268528763447897,-0.9850585025599976,-1.915640115737915,-1.238178328876831,1.0176129341125488,0.7406033277511597
1778147914896324952,1778147914.8963249,-2.2685535589801233,-0.9851113718799134,-1.915684461593628,-1.2381820541671296,1.017572045326233,0.7405625581741333
1778147914916213096,1778147914.916213,-2.268524471913473,-0.9850834173015137,-1.9157209396362305,-1.238137350683548,1.0176118612289429,0.7405829429626465
1778147914936139801,1778147914.9361398,-2.268524948750631,-0.9850994509509583,-1.915676474571228,-1.2381659311107178,1.0176043510437012,0.7405871748924255
1778147914956166395,1778147914.9561665,-2.2685535589801233,-0.9850751322558899,-1.9156562089920044,-1.2381742161563416,1.0175830125808716,0.7405871748924255
1778147914976188770,1778147914.976189,-2.26854116121401,-0.9850585025599976,-1.9157131910324097,-1.2381499272635956,1.0175837278366089,0.7405752539634705
1778147914996152388,1778147914.9961524,-2.2684882322894495,-0.9850993913463135,-1.9156562089920044,-1.238178328876831,1.0176043510437012,0.7405786514282227
1778147915016423874,1778147915.016424,-2.268545452748434,-0.9850953382304688,-1.915676474571228,-1.2381902200034638,1.0176161527633667,0.7405710220336914
1778147915036191927,1778147915.0361922,-2.268484894429342,-0.9850834173015137,-1.915680170059204,-1.2382062834552308,1.0176373720169067,0.7405914068222046
1778147915056449705,1778147915.05645,-2.2684882322894495,-0.9850834173015137,-1.9156802892684937,-1.2381783586791535,1.0175848007202148,0.7405667901039124
1778147915076194524,1778147915.0761948,-2.268512550984518,-0.9850877088359375,-1.9156519174575806,-1.2381616991809388,1.0176129341125488,0.7406152486801147
1778147915096188681,1778147915.0961888,-2.2685211340533655,-0.9850994509509583,-1.915684461593628,-1.2381902498057862,1.0176129341125488,0.7405463457107544
1778147915116253803,1778147915.1162539,-2.2685368696795862,-0.9850793045810242,-1.9156970977783203,-1.2381825608066102,1.017608642578125,0.7405948638916016
1778147915136189052,1778147915.136189,-2.268528763447897,-0.9850425285151978,-1.91566801071167,-1.23812489331279,1.017608642578125,0.7405590415000916
1778147915156174414,1778147915.1561744,-2.26854116121401,-0.9851281207850953,-1.91566801071167,-1.2381616991809388,1.0176161527633667,0.7405990958213806
1778147915176164037,1778147915.1761642,-2.2685492674456995,-0.9850667280009766,-1.9157251119613647,-1.238190935259201,1.0176491737365723,0.7405787110328674
1778147915196211999,1778147915.196212,-2.2685774008380335,-0.9850953382304688,-1.9156638383865356,-1.238178328876831,1.0176458358764648,0.7405635118484497
1778147915216221017,1778147915.216221,-2.2685211340533655,-0.9850669068149109,-1.915676474571228,-1.2381985944560547,1.017666220664978,0.7406033277511597
1778147915236175090,1778147915.2361753,-2.2684806028949183,-0.9850917619517823,-1.915692925453186,-1.2382186514190217,1.0175925493240356,0.7405591011047363
1778147915256196044,1778147915.2561963,-2.2685330549823206,-0.9850751918605347,-1.9157005548477173,-1.2381374400905152,1.0176161527633667,0.7405787110328674
1778147915276362733,1778147915.276363,-2.2685535589801233,-0.9851036828807374,-1.9156434535980225,-1.2382146579078217,1.0176290273666382,0.7405591011047363
1778147915296184184,1778147915.296184,-2.268512550984518,-0.9850585621646424,-1.915692925453186,-1.2381575864604493,1.0175925493240356,0.7405463457107544
1778147915316173995,1778147915.3161743,-2.2684605757342737,-0.9850953382304688,-1.91566801071167,-1.2382305723479767,1.0175838470458984,0.7405591011047363
1778147915336206694,1778147915.3362067,-2.268573586140768,-0.9850667280009766,-1.9156519174575806,-1.2381616693786164,1.0176119804382324,0.7405829429626465
1778147915356337617,1778147915.3563378,-2.2684887091266077,-0.9850917619517823,-1.915684461593628,-1.238170014028885,1.01762056350708,0.7406033277511597
1778147915376235522,1778147915.3762357,-2.2685368696795862,-0.9850953382304688,-1.915640115737915,-1.2381374400905152,1.017641544342041,0.7405505776405334
1778147915396151406,1778147915.3961513,-2.2685087362872522,-0.9851113718799134,-1.9156603813171387,-1.238190935259201,1.0176161527633667,0.7405548691749573
1778147915416179607,1778147915.41618,-2.2685087362872522,-0.9850912255099793,-1.9156723022460938,-1.2381943625262757,1.0176119804382324,0.7405752539634705
1778147915436392665,1778147915.4363928,-2.268524948750631,-0.9850912255099793,-1.91566801071167,-1.2382187408259888,1.017608642578125,0.7405914068222046
1778147915456219856,1778147915.45622,-2.2685044447528284,-0.9850834173015137,-1.9156595468521118,-1.2381701332381745,1.0176373720169067,0.7405380606651306
1778147915476290397,1778147915.4762905,-2.2685368696795862,-0.985102967625,-1.9157090187072754,-1.2381375294974823,1.017605185508728,0.7405871152877808
1778147915496202850,1778147915.496203,-2.2685774008380335,-0.9850751918605347,-1.9156638383865356,-1.2381902200034638,1.0176737308502197,0.7405710220336914
1778147915516227431,1778147915.5162275,-2.2685049215899866,-0.9851154846004029,-1.915671706199646,-1.2382069391063233,1.0175764560699463,0.7406162619590759
1778147915536395933,1778147915.536396,-2.2685168425189417,-0.9850834173015137,-1.915684461593628,-1.2381986242583771,1.01762056350708,0.7405871748924255
1778147915556190397,1778147915.5561905,-2.268520180379049,-0.9850751918605347,-1.9156596660614014,-1.2381742161563416,1.017608642578125,0.7405548691749573
1778147915576178200,1778147915.5761783,-2.268496338521139,-0.9851154846004029,-1.915680170059204,-1.2381825906089325,1.017665982246399,0.7405625581741333
1778147915596242508,1778147915.5962424,-2.268524471913473,-0.9850667280009766,-1.9156596660614014,-1.238128976230957,1.0176247358322144,0.7405667901039124
1778147915616129623,1778147915.6161296,-2.268512550984518,-0.9850667280009766,-1.9156147241592407,-1.2381743055633088,1.0176000595092773,0.7405752539634705
1778147915636324154,1778147915.6363242,-2.268512550984518,-0.9851113718799134,-1.91566801071167,-1.2381742161563416,1.0176373720169067,0.7405914068222046
1778147915656287111,1778147915.6562874,-2.268496338521139,-0.9850709599307557,-1.9156806468963623,-1.2381902498057862,1.017608642578125,0.7405914068222046
1778147915676164011,1778147915.6761642,-2.268561665211813,-0.985102967625,-1.9157005548477173,-1.2381616693786164,1.01759672164917,0.7405506372451782
1778147915696460058,1778147915.6964602,-2.268574062977926,-0.9850709599307557,-1.9156595468521118,-1.2381415528110047,1.0176372528076172,0.7405752539634705
1778147915716179834,1778147915.7161798,-2.2685659567462366,-0.9851280015758057,-1.9157133102416992,-1.238170014028885,1.0176161527633667,0.7405464053153992
1778147915736165811,1778147915.736166,-2.2685049215899866,-0.9850834173015137,-1.915684461593628,-1.2381943327239533,1.017560362815857,0.7406119704246521
1778147915756428598,1778147915.7564287,-2.268512550984518,-0.9850585621646424,-1.9156315326690674,-1.238178328876831,1.0176162719726562,0.7405914068222046
1778147915776141831,1778147915.776142,-2.268496338521139,-0.9850912255099793,-1.9156553745269775,-1.2381701630404969,1.0176490545272827,0.7406194806098938
1778147915796325615,1778147915.7963257,-2.268496338521139,-0.9850507539561768,-1.9157005548477173,-1.238141582613327,1.0176128149032593,0.7405338287353516
1778147915816474225,1778147915.8164742,-2.268524471913473,-0.9850994509509583,-1.9156723022460938,-1.2381902498057862,1.0176044702529907,0.7405871748924255
1778147915836148989,1778147915.8361492,-2.268561665211813,-0.9850953382304688,-1.9157167673110962,-1.2382021707347413,1.0175925493240356,0.7405829429626465
1778147915856488782,1778147915.8564887,-2.2685254255877894,-0.9851196569255372,-1.9156802892684937,-1.238178328876831,1.0175918340682983,0.7405796647071838
1778147915876375226,1778147915.8763754,-2.2685373465167444,-0.9851077956012269,-1.915655255317688,-1.2381616693786164,1.017600178718567,0.7406110167503357
1778147915896246643,1778147915.8962467,-2.2685821692096155,-0.9850507539561768,-1.9157251119613647,-1.238214598303177,1.0176373720169067,0.7406152486801147
1778147915916292935,1778147915.916293,-2.26854116121401,-0.9850953382304688,-1.91566801071167,-1.2381820541671296,1.01762056350708,0.7405829429626465
1778147915936208905,1778147915.936209,-2.2685778776751917,-0.9850834173015137,-1.9157167673110962,-1.238170103435852,1.0175518989562988,0.7405745387077332
1778147915956270397,1778147915.9562705,-2.2684887091266077,-0.9850750726512452,-1.9156887531280518,-1.2381902498057862,1.0175960063934326,0.7405635118484497
1778147915976270865,1778147915.976271,-2.2685049215899866,-0.9850709003261109,-1.9156434535980225,-1.238178328876831,1.0176372528076172,0.7405871748924255
1778147915996187737,1778147915.9961877,-2.268496815358297,-0.9850834173015137,-1.915684461593628,-1.2381866735270997,1.0176372528076172,0.7405871748924255
1778147916016306629,1778147916.0163069,-2.2685697714435022,-0.9850710195354004,-1.915684461593628,-1.2381498974612732,1.0176162719726562,0.7405667901039124
1778147916036191438,1778147916.0361917,-2.2684930006610315,-0.9850793045810242,-1.9156887531280518,-1.2381493610194703,1.0176169872283936,0.7405957579612732
1778147916056246646,1778147916.0562468,-2.2685611883746546,-0.9850994509509583,-1.9156434535980225,-1.238116667871811,1.0176609754562378,0.7405871748924255
1778147916076287483,1778147916.0762875,-2.2684648672686976,-0.9850993913463135,-1.9156802892684937,-1.238178328876831,1.0175848007202148,0.7405710220336914
1778147916096284039,1778147916.0962844,-2.2684763113604944,-0.9850793045810242,-1.91566801071167,-1.23822637022052,1.0176496505737305,0.7405548691749573
1778147916116193270,1778147916.1161933,-2.2685211340533655,-0.9850953382304688,-1.9156887531280518,-1.238186166887619,1.0176247358322144,0.7405914068222046
1778147916136188568,1778147916.1361887,-2.268512550984518,-0.985091821556427,-1.915684461593628,-1.2381374400905152,1.0176128149032593,0.7405625581741333
1778147916156202607,1778147916.1562026,-2.2685368696795862,-0.9850876492312928,-1.9156723022460938,-1.2381943625262757,1.0175925493240356,0.7405710220336914
1778147916176208520,1778147916.1762087,-2.2685044447528284,-0.9850959342769166,-1.91572105884552,-1.2381985944560547,1.0176490545272827,0.7405710220336914
1778147916196196658,1778147916.1961968,-2.268524948750631,-0.9850751918605347,-1.915709137916565,-1.2382186514190217,1.0175681114196777,0.7406236529350281
1778147916216253204,1778147916.2162533,-2.2685492674456995,-0.9851077956012269,-1.9157005548477173,-1.2381985646537323,1.0176044702529907,0.7405990958213806
1778147916236224743,1778147916.236225,-2.2684882322894495,-0.9850912851146241,-1.91566801071167,-1.2381659311107178,1.0176533460617065,0.7405752539634705
1778147916256265529,1778147916.2562656,-2.268528763447897,-0.9850667280009766,-1.915640115737915,-1.2381701630404969,1.0176454782485962,0.7405506372451782
1778147916276222376,1778147916.2762225,-2.268524471913473,-0.985042468910553,-1.91566801071167,-1.2381616991809388,1.0175681114196777,0.7405871748924255
1778147916296282141,1778147916.2962823,-2.2685211340533655,-0.9850626152804871,-1.9156887531280518,-1.2382146281054993,1.0176247358322144,0.7405871748924255
1778147916316226869,1778147916.316227,-2.2685368696795862,-0.9850793045810242,-1.9156519174575806,-1.2381575566581269,1.01759672164917,0.7405667901039124
1778147916336182371,1778147916.3361824,-2.2685211340533655,-0.9850793045810242,-1.9157005548477173,-1.2381616693786164,1.017653226852417,0.7405829429626465
1778147916356258244,1778147916.3562584,-2.2684806028949183,-0.9850834173015137,-1.9156562089920044,-1.2382222575000306,1.01762056350708,0.7405829429626465
1778147916376156158,1778147916.3761563,-2.268545452748434,-0.9850953382304688,-1.9156638383865356,-1.2381248635104676,1.0176329612731934,0.7405829429626465
1778147916396217118,1778147916.396217,-2.26854116121401,-0.9850585025599976,-1.9156723022460938,-1.2381861370852967,1.0176246166229248,0.7405710220336914
1778147916416238889,1778147916.416239,-2.268528763447897,-0.9851238888553162,-1.9156519174575806,-1.2381861370852967,1.0176045894622803,0.7405871748924255
1778147916436174967,1778147916.4361749,-2.268512550984518,-0.9851154249957581,-1.9156802892684937,-1.2381825906089325,1.017608642578125,0.740550696849823
1778147916456197625,1778147916.4561977,-2.2685206572162073,-0.9850667280009766,-1.915684461593628,-1.2381535035422822,1.0176126956939697,0.740517795085907
1778147916476228482,1778147916.4762287,-2.268496815358297,-0.985042468910553,-1.915692925453186,-1.2382263404181977,1.0175725221633911,0.7405999302864075
1778147916496360868,1778147916.496361,-2.268500630055563,-0.9850667876056214,-1.9157005548477173,-1.2381700438312073,1.0176163911819458,0.7405837774276733
1778147916516260976,1778147916.5162609,-2.268545452748434,-0.9850953978351136,-1.9156723022460938,-1.2382062536529084,1.0175765752792358,0.7405423521995544
1778147916536185390,1778147916.5361855,-2.2685330549823206,-0.9851036828807374,-1.9156724214553833,-1.2381742161563416,1.0176246166229248,0.7405913472175598
1778147916556346177,1778147916.5563462,-2.2685211340533655,-0.9850912255099793,-1.9156723022460938,-1.2382103663733979,1.0176080465316772,0.7405710220336914
1778147916576200183,1778147916.5762002,-2.2685368696795862,-0.9850751322558899,-1.9157005548477173,-1.2381130319884797,1.0176007747650146,0.7405796051025391
1778147916596428519,1778147916.5964286,-2.2685168425189417,-0.9850877088359375,-1.9156562089920044,-1.238174245958664,1.017608642578125,0.7405871748924255
1778147916616425793,1778147916.6164258,-2.2685330549823206,-0.9850834173015137,-1.91566801071167,-1.2381902200034638,1.0176045894622803,0.7405829429626465
1778147916636155622,1778147916.6361558,-2.2685368696795862,-0.9851072591594239,-1.9156723022460938,-1.2381742161563416,1.017608642578125,0.7405710220336914
1778147916656427714,1778147916.6564279,-2.2685168425189417,-0.9850994509509583,-1.9156887531280518,-1.2382026475718995,1.0176045894622803,0.7405913472175598
1778147916676191113,1778147916.6761913,-2.268528763447897,-0.9850834173015137,-1.9156887531280518,-1.2381943625262757,1.0176408290863037,0.740517795085907
1778147916696177243,1778147916.6961772,-2.2685168425189417,-0.9850793045810242,-1.9156638383865356,-1.238218681221344,1.01762056350708,0.7405339479446411
1778147916716289643,1778147916.7162898,-2.268496815358297,-0.9850542110255738,-1.9156315326690674,-1.2382145386985322,1.0175765752792358,0.7405710220336914
1778147916736238778,1778147916.736239,-2.2685211340533655,-0.9850999873927613,-1.9156315326690674,-1.2381985646537323,1.0175807476043701,0.7405871748924255
1778147916756343307,1778147916.7563434,-2.2685168425189417,-0.9851113718799134,-1.915676474571228,-1.2382103365710755,1.0175646543502808,0.7405668497085571
1778147916776191110,1778147916.7761912,-2.268512550984518,-0.9850994509509583,-1.9157048463821411,-1.238194302921631,1.0176045894622803,0.7405745387077332
1778147916796298182,1778147916.7962983,-2.2685368696795862,-0.9850994509509583,-1.9156646728515625,-1.2381902796081086,1.0175724029541016,0.740550696849823
1778147916816308808,1778147916.8163087,-2.2685330549823206,-0.9850917619517823,-1.9157048463821411,-1.2381742161563416,1.017649531364441,0.7405990362167358
1778147916836442356,1778147916.8364425,-2.26854116121401,-0.9850751918605347,-1.9156765937805176,-1.238178328876831,1.01762056350708,0.7405948638916016
1778147916856387706,1778147916.8563876,-2.2685044447528284,-0.985050694351532,-1.9156887531280518,-1.2382146281054993,1.0176126956939697,0.7406279444694519
1778147916876345575,1778147916.8763456,-2.268528763447897,-0.9850667280009766,-1.9156802892684937,-1.2381985646537323,1.0176162719726562,0.740554928779602
1778147916896247524,1778147916.8962476,-2.2685611883746546,-0.9850626152804871,-1.9156239032745361,-1.2381742161563416,1.0176162719726562,0.7406074404716492
1778147916916248904,1778147916.916249,-2.2685368696795862,-0.9850466412356873,-1.915676474571228,-1.2381825608066102,1.01762056350708,0.740554928779602
1778147916936508517,1778147916.9365084,-2.26854116121401,-0.9850793045810242,-1.9156723022460938,-1.2381374400905152,1.0176126956939697,0.7405465245246887
1778147916956373017,1778147916.9563732,-2.2684600988971155,-0.9850994509509583,-1.9157005548477173,-1.2381659609130402,1.0176162719726562,0.7405871152877808
1778147916976218260,1778147916.9762185,-2.2685330549823206,-0.9850542706302186,-1.9156560897827148,-1.238174245958664,1.0175807476043701,0.7405829429626465
1778147916996163177,1778147916.9961631,-2.2685368696795862,-0.985102967625,-1.91566801071167,-1.2382021707347413,1.0176650285720825,0.740550696849823
1778147917016139585,1778147917.0161397,-2.2684925238238733,-0.9850793045810242,-1.9156723022460938,-1.2381575566581269,1.017628788948059,0.7405668497085571
1778147917036228876,1778147917.036229,-2.268512550984518,-0.985050694351532,-1.9157005548477173,-1.2381980878165741,1.0175725221633911,0.7406117916107178
1778147917056293125,1778147917.0562932,-2.268573586140768,-0.9850876492312928,-1.9156519174575806,-1.238178328876831,1.0176454782485962,0.7405871152877808
1778147917076253267,1778147917.0762532,-2.2685206572162073,-0.9850626152804871,-1.915684461593628,-1.2381985944560547,1.0176162719726562,0.7405787706375122
1778147917096252383,1778147917.0962524,-2.2685168425189417,-0.9850994509509583,-1.9156759977340698,-1.2381782990745087,1.0176329612731934,0.740554928779602
1778147917116204874,1778147917.116205,-2.2685044447528284,-0.9850994509509583,-1.915684461593628,-1.238149420624115,1.0176573991775513,0.7405667901039124
1778147917136329795,1778147917.13633,-2.2685368696795862,-0.9850994509509583,-1.915696382522583,-1.238210306768753,1.0175724029541016,0.7405667901039124
1778147917156232399,1778147917.1562326,-2.2685206572162073,-0.9850994509509583,-1.9156603813171387,-1.2381493312171479,1.017600178718567,0.7405829429626465
1778147917176306860,1778147917.176307,-2.2685049215899866,-0.9850751322558899,-1.9156887531280518,-1.2381985944560547,1.0176496505737305,0.7405136823654175
1778147917196190835,1778147917.1961908,-2.268512550984518,-0.9850912255099793,-1.915684461593628,-1.2381659311107178,1.0176044702529907,0.7405584454536438
1778147917216412077,1778147917.2164123,-2.268500630055563,-0.9850953382304688,-1.915676474571228,-1.238186166887619,1.017685890197754,0.7405948638916016
1778147917236165925,1778147917.236166,-2.2685611883746546,-0.9850877088359375,-1.915696382522583,-1.2381659311107178,1.0176247358322144,0.7405795454978943
1778147917256264264,1778147917.2562642,-2.2685611883746546,-0.9850917619517823,-1.9156887531280518,-1.2381499272635956,1.0176162719726562,0.7405626773834229
1778147917276232292,1778147917.2762322,-2.268557850514547,-0.9851197165301819,-1.91566801071167,-1.2382346552661438,1.0176329612731934,0.7405710220336914
1778147917296502642,1778147917.2965026,-2.2684930006610315,-0.9850834173015137,-1.915684461593628,-1.2381902498057862,1.0176693201065063,0.7405710220336914
1778147917316170896,1778147917.3161712,-2.268524471913473,-0.9850341838649292,-1.915696382522583,-1.23812489331279,1.017641305923462,0.7405423521995544
1778147917336181589,1778147917.3361816,-2.2685330549823206,-0.9850347203067322,-1.915684461593628,-1.238214598303177,1.0176246166229248,0.7405829429626465
1778147917356217121,1778147917.3562171,-2.2685330549823206,-0.9850667280009766,-1.9156434535980225,-1.2381619375995179,1.0175807476043701,0.7405710220336914
1778147917376237147,1778147917.3762372,-2.2685368696795862,-0.9850346607020875,-1.915655255317688,-1.2381986242583771,1.0175879001617432,0.7405507564544678
1778147917396222548,1778147917.3962226,-2.2685368696795862,-0.9850585025599976,-1.91559898853302,-1.2381616693786164,1.0176210403442383,0.7405136227607727
1778147917416374368,1778147917.4163744,-2.2684887091266077,-0.9850877088359375,-1.9156887531280518,-1.2382346850684662,1.0176045894622803,0.7405626177787781
1778147917436217182,1778147917.4362173,-2.2685206572162073,-0.9851036828807374,-1.915676474571228,-1.2381540399840851,1.0176328420639038,0.7405548691749573
1778147917456441350,1778147917.4564414,-2.268512550984518,-0.9850751918605347,-1.9156646728515625,-1.2381493908217927,1.017608642578125,0.7405829429626465
1778147917476296407,1778147917.4762967,-2.2684720198260706,-0.9850994509509583,-1.9156723022460938,-1.2381986242583771,1.0176489353179932,0.7406117916107178
1778147917496217729,1778147917.496218,-2.2684806028949183,-0.9850953382304688,-1.915704607963562,-1.2382263106158753,1.0175719261169434,0.7405796051025391
1778147917516230433,1778147917.5162306,-2.2685049215899866,-0.9851154846004029,-1.9156972169876099,-1.23817794144664,1.0175801515579224,0.7405667901039124
1778147917536339792,1778147917.5363398,-2.268500630055563,-0.9851078552058716,-1.915684461593628,-1.2381575864604493,1.01762056350708,0.740554928779602
1778147917556179317,1778147917.5561793,-2.2685330549823206,-0.9850877088359375,-1.9157090187072754,-1.238170014028885,1.017641305923462,0.740591287612915
1778147917576303341,1778147917.5763035,-2.268528763447897,-0.9850751322558899,-1.915684461593628,-1.2382110518268128,1.0176448822021484,0.7406032085418701
1778147917596224961,1778147917.596225,-2.268512550984518,-0.9850917619517823,-1.915676474571228,-1.2381782990745087,1.0176454782485962,0.7405709624290466
1778147917616282175,1778147917.6162822,-2.268528763447897,-0.9850751322558899,-1.9157048463821411,-1.238178328876831,1.017661452293396,0.7405751943588257
1778147917636176147,1778147917.6361763,-2.2685168425189417,-0.9851037424853821,-1.9156922101974487,-1.238149957065918,1.017608642578125,0.7405507564544678
1778147917656185292,1778147917.6561854,-2.2685168425189417,-0.9850667280009766,-1.9157048463821411,-1.2381902498057862,1.0175801515579224,0.7405948638916016
1778147917676254393,1778147917.6762545,-2.268496338521139,-0.9851154846004029,-1.9156638383865356,-1.238230661754944,1.017608642578125,0.740591287612915
1778147917696239356,1778147917.6962395,-2.268528763447897,-0.9850953382304688,-1.9157133102416992,-1.238186166887619,1.0176045894622803,0.7405668497085571
1778147917716141601,1778147917.7161417,-2.268496338521139,-0.9850585621646424,-1.915696382522583,-1.2381659311107178,1.017641305923462,0.7406109571456909
1778147917736165754,1778147917.7361658,-2.2685368696795862,-0.9850793045810242,-1.915676474571228,-1.2381575864604493,1.0176247358322144,0.7405787706375122
1778147917756188945,1778147917.756189,-2.2685330549823206,-0.9851154846004029,-1.9156930446624756,-1.2381534439376374,1.0176162719726562,0.7405795454978943
1778147917776328664,1778147917.7763288,-2.2685368696795862,-0.9851154846004029,-1.9156763553619385,-1.2381575566581269,1.0175926685333252,0.740554928779602
1778147917796181759,1778147917.796182,-2.268500630055563,-0.9850994509509583,-1.915663719177246,-1.238178328876831,1.0176533460617065,0.7405990362167358
1778147917816366481,1778147917.8163667,-2.2684877554522913,-0.9851036828807374,-1.9156723022460938,-1.2382222575000306,1.0176289081573486,0.7406032681465149
1778147917836409015,1778147917.836409,-2.268496338521139,-0.9850834173015137,-1.9156849384307861,-1.2381575864604493,1.0175801515579224,0.7405626773834229
1778147917856382401,1778147917.8563826,-2.2685702482806605,-0.9850877088359375,-1.9157048463821411,-1.2381374102881928,1.0176454782485962,0.7405710220336914
1778147917876196431,1778147917.8761964,-2.268508259450094,-0.9851113718799134,-1.9157124757766724,-1.2381582719138642,1.01762056350708,0.7405423521995544
1778147917896308492,1778147917.8963087,-2.268528763447897,-0.9851077956012269,-1.9156802892684937,-1.2381825608066102,1.017608642578125,0.7405745983123779
1778147917916323423,1778147917.9163234,-2.268500630055563,-0.9851113718799134,-1.9157167673110962,-1.2381866735270997,1.0175925493240356,0.7405710220336914
1778147917936386124,1778147917.936386,-2.268508259450094,-0.9850994509509583,-1.9156723022460938,-1.2381415528110047,1.0176122188568115,0.7405829429626465
1778147917956456332,1778147917.9564567,-2.268512550984518,-0.9851321142962952,-1.9157049655914307,-1.2381333273700257,1.0175925493240356,0.7405710220336914
1778147917976226497,1778147917.9762266,-2.2685368696795862,-0.9850877088359375,-1.9157048463821411,-1.2381782990745087,1.017661452293396,0.7406032085418701
1778147917996312351,1778147917.9963124,-2.2685497442828577,-0.9850834173015137,-1.9156723022460938,-1.2381616693786164,1.0176162719726562,0.7405871152877808
1778147918016344369,1778147918.0163445,-2.268496338521139,-0.9850626152804871,-1.9156638383865356,-1.2381825906089325,1.0176162719726562,0.7405382394790649
1778147918036272132,1778147918.0362723,-2.268528763447897,-0.9850751322558899,-1.915655255317688,-1.2381825906089325,1.0176329612731934,0.7405710220336914
1778147918056188156,1778147918.0561883,-2.2685368696795862,-0.9850994509509583,-1.9156887531280518,-1.2381861370852967,1.0176126956939697,0.7405220866203308
1778147918076257664,1778147918.076258,-2.268557373677389,-0.9850667280009766,-1.91566801071167,-1.2381861370852967,1.0176329612731934,0.740591287612915
1778147918096328411,1778147918.0963285,-2.2684925238238733,-0.9850834173015137,-1.9157124757766724,-1.2382263106158753,1.0175886154174805,0.7405381798744202
1778147918116204739,1778147918.116205,-2.2685168425189417,-0.9850264948657532,-1.915696382522583,-1.2382026773742218,1.017641305923462,0.7405668497085571
1778147918136176500,1778147918.1361766,-2.2685087362872522,-0.9850994509509583,-1.9156562089920044,-1.2381700438312073,1.0176246166229248,0.7405710220336914
1778147918156159235,1778147918.1561594,-2.2685492674456995,-0.9850626748851319,-1.9157124757766724,-1.2381332379630585,1.0176893472671509,0.7406032085418701
1778147918176271021,1778147918.1762712,-2.268524471913473,-0.9850834173015137,-1.9157005548477173,-1.2381415230086823,1.01759672164917,0.7405626773834229
1778147918196399305,1778147918.1963995,-2.2684806028949183,-0.9850994509509583,-1.915684461593628,-1.2381943625262757,1.0176045894622803,0.7405829429626465
1778147918216367718,1778147918.2163677,-2.268496815358297,-0.9850834769061585,-1.915696382522583,-1.2381943327239533,1.0176007747650146,0.740554928779602
1778147918236147047,1778147918.2361472,-2.2684806028949183,-0.9850876492312928,-1.9157167673110962,-1.2381943625262757,1.0175725221633911,0.7405829429626465
1778147918256211763,1778147918.2562118,-2.2685092131244105,-0.9850994509509583,-1.9156399965286255,-1.238186166887619,1.0176002979278564,0.7405871152877808
1778147918276299562,1778147918.2762997,-2.2684763113604944,-0.9850912255099793,-1.9156887531280518,-1.2381902200034638,1.0176454782485962,0.7405837178230286
1778147918296177628,1778147918.2961779,-2.268496815358297,-0.9850994509509583,-1.9156638383865356,-1.2381498974612732,1.01762056350708,0.7405795454978943
1778147918316393500,1778147918.3163936,-2.268528763447897,-0.9850549858859559,-1.915696382522583,-1.238186166887619,1.017608642578125,0.7405626773834229
1778147918336298896,1778147918.3362992,-2.2685168425189417,-0.9850912255099793,-1.9156877994537354,-1.238149957065918,1.017608642578125,0.7406312227249146
1778147918356187143,1778147918.3561873,-2.268545452748434,-0.9850834173015137,-1.9156930446624756,-1.2382146281054993,1.0176167488098145,0.7405634522438049
1778147918376217977,1778147918.376218,-2.2685368696795862,-0.9850710791400452,-1.9156887531280518,-1.2381985646537323,1.0176162719726562,0.7405956387519836
1778147918396252938,1778147918.396253,-2.2685611883746546,-0.9850994509509583,-1.91566801071167,-1.2381902498057862,1.0176122188568115,0.7405704259872437
1778147918416198684,1778147918.4161987,-2.2684806028949183,-0.9850793045810242,-1.9156723022460938,-1.2381943327239533,1.0176122188568115,0.7405634522438049
1778147918436196785,1778147918.436197,-2.268496815358297,-0.9851077956012269,-1.9156922101974487,-1.238128976230957,1.0176162719726562,0.7405710220336914
1778147918456349284,1778147918.4563494,-2.2685092131244105,-0.9850542706302186,-1.9156551361083984,-1.2382021409324189,1.017608642578125,0.7405710220336914
1778147918476178351,1778147918.4761786,-2.268496815358297,-0.9851154846004029,-1.915680170059204,-1.2382021409324189,1.0176372528076172,0.7405423521995544
1778147918496203395,1778147918.4962037,-2.268500630055563,-0.9850876492312928,-1.9156476259231567,-1.238178328876831,1.0175843238830566,0.7405507564544678
1778147918516406505,1778147918.5164065,-2.268545452748434,-0.9850751918605347,-1.915684461593628,-1.2381742757609864,1.0176329612731934,0.7405829429626465
1778147918536168841,1778147918.536169,-2.268484894429342,-0.9851113718799134,-1.9156887531280518,-1.238206223850586,1.0176329612731934,0.7405955791473389
1778147918556214599,1778147918.5562146,-2.2684763113604944,-0.9850912255099793,-1.9156638383865356,-1.2381616991809388,1.0176329612731934,0.7405745387077332
1778147918576166402,1778147918.5761666,-2.2685120741473597,-0.9851113122752686,-1.91572105884552,-1.2381980580142518,1.0176002979278564,0.740554928779602
1778147918596308040,1778147918.596308,-2.268524948750631,-0.9850834173015137,-1.9156562089920044,-1.2381374400905152,1.017588496208191,0.7406073808670044
1778147918616243741,1778147918.6162438,-2.2685087362872522,-0.9850347203067322,-1.915692687034607,-1.2381902498057862,1.017608642578125,0.7405668497085571
1778147918636409658,1778147918.6364098,-2.268512550984518,-0.9851197165301819,-1.9157006740570068,-1.2381701928428193,1.017628788948059,0.7405990362167358
1778147918656255983,1778147918.6562562,-2.2685654799090784,-0.9850834173015137,-1.9156723022460938,-1.238190935259201,1.0176289081573486,0.7405710220336914
1778147918676423240,1778147918.6764233,-2.2685092131244105,-0.9850542110255738,-1.9156930446624756,-1.238210306768753,1.0176122188568115,0.7405871152877808
1778147918696329573,1778147918.6963296,-2.268545452748434,-0.9850953382304688,-1.9157005548477173,-1.2381659311107178,1.0176246166229248,0.7406073808670044
1778147918716318738,1778147918.7163188,-2.268484894429342,-0.9850667280009766,-1.9156476259231567,-1.2381616693786164,1.017637014389038,0.7405828833580017
1778147918736272661,1778147918.7362728,-2.268557850514547,-0.9851197165301819,-1.915663719177246,-1.2381825608066102,1.01762056350708,0.7405710220336914
1778147918756372049,1778147918.756372,-2.268513027821676,-0.9850994509509583,-1.915684461593628,-1.2381782990745087,1.017608642578125,0.7405626177787781
1778147918776376993,1778147918.7763772,-2.2685168425189417,-0.9851238292506714,-1.9156357049942017,-1.238178328876831,1.0176454782485962,0.740623414516449
1778147918796289428,1778147918.7962897,-2.2685211340533655,-0.9850466412356873,-1.9156723022460938,-1.2381742161563416,1.017608642578125,0.7405507564544678
1778147918816255231,1778147918.8162553,-2.2685330549823206,-0.9851321142962952,-1.9156759977340698,-1.2381742161563416,1.0175724029541016,0.7405871152877808
1778147918836251580,1778147918.8362517,-2.2685168425189417,-0.9850877088359375,-1.9156887531280518,-1.2381616693786164,1.0176045894622803,0.7405669093132019
1778147918856325848,1778147918.856326,-2.2685211340533655,-0.9850953382304688,-1.9156887531280518,-1.2382146281054993,1.0176372528076172,0.7405871152877808
1778147918876316070,1778147918.8763163,-2.2685697714435022,-0.9851197165301819,-1.915696382522583,-1.2381902498057862,1.0175961256027222,0.7405795454978943
1778147918896277317,1778147918.8962774,-2.268524471913473,-0.9850585621646424,-1.9156196117401123,-1.2381825608066102,1.0176769495010376,0.7405871152877808
1778147918916247159,1778147918.9162471,-2.268528763447897,-0.9850466412356873,-1.91566801071167,-1.2381700438312073,1.0176045894622803,0.7405424118041992
1778147918936298110,1778147918.9362981,-2.268496815358297,-0.9850585621646424,-1.9156723022460938,-1.2381575566581269,1.0176372528076172,0.7405298948287964
1778147918956265319,1778147918.9562652,-2.2685368696795862,-0.9851036828807374,-1.915696382522583,-1.2381415528110047,1.01759672164917,0.7405829429626465
1778147918976257196,1778147918.9762573,-2.268524471913473,-0.985136405830719,-1.915709137916565,-1.2381902498057862,1.017588496208191,0.7405948638916016
1778147918996188138,1778147918.9961882,-2.2684925238238733,-0.9850347203067322,-1.9156887531280518,-1.2381700438312073,1.0175961256027222,0.7405508160591125
1778147919016254363,1778147919.0162547,-2.26845628419985,-0.9850994509509583,-1.9156802892684937,-1.2381782990745087,1.017588496208191,0.7405787706375122
1778147919036342396,1778147919.0363424,-2.2685044447528284,-0.9850912255099793,-1.91566801071167,-1.2381374400905152,1.0176328420639038,0.7405955791473389
1778147919056262486,1778147919.0562625,-2.268528763447897,-0.9850549858859559,-1.9157005548477173,-1.2381456357291718,1.0176414251327515,0.7405591011047363
1778147919076165032,1778147919.0761652,-2.2685774008380335,-0.9851036828807374,-1.9156315326690674,-1.2381861370852967,1.0176044702529907,0.7406032085418701
1778147919096194948,1778147919.0961952,-2.268512550984518,-0.985136405830719,-1.9156723022460938,-1.238186166887619,1.0176045894622803,0.740554928779602
1778147919116214587,1778147919.1162148,-2.268524471913473,-0.9850877088359375,-1.9156434535980225,-1.2381943327239533,1.0175926685333252,0.7405829429626465
1778147919136218474,1778147919.1362185,-2.2685049215899866,-0.9850912255099793,-1.915663719177246,-1.238194302921631,1.01762056350708,0.7405751943588257
1778147919156314979,1778147919.156315,-2.2684887091266077,-0.9850834173015137,-1.915684461593628,-1.2381861370852967,1.0176496505737305,0.7405751347541809
1778147919176245662,1778147919.176246,-2.2685654799090784,-0.9850994509509583,-1.9156640768051147,-1.2381416124156495,1.01762056350708,0.7405955791473389
1778147919196202803,1778147919.1962028,-2.2684763113604944,-0.9850710195354004,-1.915680170059204,-1.238174245958664,1.0175926685333252,0.7405382394790649
1778147919216241221,1778147919.2162414,-2.2684806028949183,-0.9850793045810242,-1.9156357049942017,-1.2382103365710755,1.017641305923462,0.7405989766120911
1778147919236212628,1778147919.2362127,-2.268528763447897,-0.9850912255099793,-1.9157167673110962,-1.2381742161563416,1.017653226852417,0.7405180335044861
1778147919256305719,1778147919.2563057,-2.2685611883746546,-0.9850710195354004,-1.9156315326690674,-1.2382181745818635,1.017608642578125,0.7405871152877808
1778147919276386659,1778147919.2763867,-2.268557850514547,-0.9851154846004029,-1.9156723022460938,-1.238230661754944,1.0176489353179932,0.7405709624290466
1778147919296236646,1778147919.2962368,-2.2685168425189417,-0.9850751918605347,-1.915709137916565,-1.238161639576294,1.017628788948059,0.7406192421913147
1778147919316309250,1778147919.3163095,-2.2685049215899866,-0.9851154846004029,-1.9156802892684937,-1.2381700438312073,1.0176372528076172,0.7405626773834229
1778147919336386223,1778147919.3363864,-2.2685368696795862,-0.9850626748851319,-1.9156723022460938,-1.2381902498057862,1.0176246166229248,0.7406277060508728
1778147919356355272,1778147919.3563554,-2.2684763113604944,-0.9850549858859559,-1.9157049655914307,-1.2381616991809388,1.01762056350708,0.7405508160591125
1778147919376231985,1778147919.3762321,-2.2685168425189417,-0.9850834173015137,-1.91566801071167,-1.2381006342223664,1.0176329612731934,0.7405669093132019
1778147919396241553,1778147919.3962417,-2.268545452748434,-0.9850751918605347,-1.9156887531280518,-1.238174245958664,1.0176122188568115,0.740546703338623
1778147919416163184,1778147919.4161632,-2.2685330549823206,-0.9850994509509583,-1.9157330989837646,-1.2382145685008545,1.0175765752792358,0.7405787706375122
1778147919436282673,1778147919.4362826,-2.26854116121401,-0.9850751918605347,-1.9156723022460938,-1.2381660503200074,1.0175838470458984,0.7405990362167358
1778147919456352698,1778147919.456353,-2.2685492674456995,-0.9850876492312928,-1.9156887531280518,-1.238178328876831,1.0176043510437012,0.7406109571456909
1778147919476186895,1778147919.476187,-2.268524471913473,-0.9851036828807374,-1.9156603813171387,-1.2381616991809388,1.0175676345825195,0.7405829429626465
1778147919496133744,1778147919.4961338,-2.268524948750631,-0.9850953382304688,-1.9157416820526123,-1.2381415528110047,1.017608642578125,0.7405710220336914
1778147919516234222,1778147919.5162344,-2.268545452748434,-0.9850793045810242,-1.9156887531280518,-1.238186166887619,1.017669677734375,0.7405508160591125
1778147919536238970,1778147919.536239,-2.268496815358297,-0.9850994509509583,-1.9157049655914307,-1.2381616991809388,1.0176501274108887,0.7405466437339783
1778147919556379338,1778147919.5563796,-2.2685368696795862,-0.9850877088359375,-1.915684461593628,-1.2382103663733979,1.017624855041504,0.7405627369880676
1778147919576214181,1778147919.5762143,-2.268496338521139,-0.9850834173015137,-1.915684461593628,-1.2381659311107178,1.017592430114746,0.7405668497085571
1778147919596221976,1778147919.5962222,-2.268520180379049,-0.9851238292506714,-1.915684461593628,-1.2381535035422822,1.0175881385803223,0.7405912280082703
1778147919616151067,1778147919.616151,-2.2685168425189417,-0.9851196569255372,-1.9156759977340698,-1.238170103435852,1.0176578760147095,0.7405787706375122
1778147919636250978,1778147919.636251,-2.268512550984518,-0.9850793045810242,-1.9156802892684937,-1.2381943625262757,1.017608642578125,0.7405989766120911
1778147919656322737,1778147919.656323,-2.268520180379049,-0.9851113718799134,-1.915663719177246,-1.238174245958664,1.017617106437683,0.7405829429626465
1778147919676207100,1778147919.6762073,-2.268496338521139,-0.9850834173015137,-1.915651798248291,-1.238174245958664,1.0175515413284302,0.7405508160591125
1778147919696211270,1778147919.6962113,-2.268528763447897,-0.9850626748851319,-1.915663719177246,-1.2382263106158753,1.0176161527633667,0.7405669093132019
1778147919716215938,1778147919.716216,-2.2685654799090784,-0.9851113718799134,-1.915692925453186,-1.238178328876831,1.017641544342041,0.740554928779602
1778147919736356811,1778147919.736357,-2.2685540358172815,-0.9850834769061585,-1.9156759977340698,-1.2381659609130402,1.01759672164917,0.7406031489372253
1778147919756286782,1778147919.7562869,-2.2685330549823206,-0.9850834173015137,-1.915696382522583,-1.2381575566581269,1.0176161527633667,0.7405871152877808
1778147919776364109,1778147919.776364,-2.2685168425189417,-0.9850834173015137,-1.9157332181930542,-1.2381616693786164,1.0176161527633667,0.7405871152877808
1778147919796471539,1778147919.7964716,-2.268545452748434,-0.9850465816310425,-1.9157048463821411,-1.2381374400905152,1.0176619291305542,0.7406116127967834
1778147919816337190,1778147919.8163373,-2.268528763447897,-0.9850626748851319,-1.915696382522583,-1.2381575864604493,1.0175925493240356,0.7405382990837097
1778147919836315685,1778147919.8363159,-2.2685049215899866,-0.9850876492312928,-1.9156638383865356,-1.2381902796081086,1.0176000595092773,0.7405591011047363
1778147919856198997,1778147919.856199,-2.2685092131244105,-0.9850953382304688,-1.9156440496444702,-1.2382103365710755,1.0176043510437012,0.740546703338623
1778147919876372617,1778147919.8763728,-2.268512550984518,-0.9850751322558899,-1.9156723022460938,-1.2381616693786164,1.0176290273666382,0.7406031489372253
1778147919896391802,1778147919.8963919,-2.2685497442828577,-0.9850793045810242,-1.9156887531280518,-1.2381902200034638,1.0176458358764648,0.7405829429626465
1778147919916224089,1778147919.916224,-2.2685211340533655,-0.9850793045810242,-1.9156723022460938,-1.2381783586791535,1.0176043510437012,0.7405989766120911
1778147919936190828,1778147919.9361908,-2.268508259450094,-0.9850833576968689,-1.9156476259231567,-1.2381742161563416,1.0176618099212646,0.7406031489372253
1778147919956503640,1778147919.9565036,-2.2685330549823206,-0.9850667876056214,-1.9157373905181885,-1.2381943327239533,1.0176491737365723,0.740587055683136
1778147919976249264,1778147919.9762495,-2.2685330549823206,-0.9850466412356873,-1.9157459735870361,-1.2382103365710755,1.0176373720169067,0.7405627369880676
1778147919996201311,1778147919.9962013,-2.2685049215899866,-0.9850751918605347,-1.9156562089920044,-1.2381825906089325,1.0176247358322144,0.7405669093132019
1778147920016198241,1778147920.0161982,-2.268500630055563,-0.9850876492312928,-1.915676474571228,-1.238133267765381,1.0176738500595093,0.740578830242157
1778147920036397576,1778147920.0363977,-2.2685049215899866,-0.9850828808597107,-1.9156239032745361,-1.2381866139224549,1.017595887184143,0.7405467629432678
1778147920056225569,1778147920.0562255,-2.2685702482806605,-0.9850877088359375,-1.9156562089920044,-1.2381980878165741,1.0176119804382324,0.7405591011047363
1778147920076327002,1778147920.076327,-2.268500630055563,-0.9850667280009766,-1.9157336950302124,-1.2381943327239533,1.01765775680542,0.7405829429626465
1778147920096399823,1778147920.0964,-2.268528763447897,-0.9850994509509583,-1.9157252311706543,-1.238170103435852,1.0176246166229248,0.7405549883842468
1778147920116179134,1778147920.1161792,-2.268512550984518,-0.9850994509509583,-1.9156887531280518,-1.2381700736335297,1.017617106437683,0.7405382990837097
1778147920136186222,1778147920.1361861,-2.2684887091266077,-0.9850877088359375,-1.9157048463821411,-1.2382021707347413,1.0175925493240356,0.7405669093132019
1778147920156210930,1778147920.1562111,-2.2685168425189417,-0.9850834173015137,-1.9156562089920044,-1.2381660503200074,1.017595887184143,0.7405508160591125
1778147920176367065,1778147920.1763673,-2.268524471913473,-0.9850709599307557,-1.915676474571228,-1.2382146281054993,1.0176289081573486,0.7405341267585754
1778147920196245779,1778147920.196246,-2.268545452748434,-0.9851197165301819,-1.9156887531280518,-1.238210306768753,1.017600178718567,0.7405591011047363
1778147920216221846,1778147920.216222,-2.268440548573629,-0.9850667280009766,-1.9156562089920044,-1.2381902498057862,1.0176289081573486,0.7405709624290466
1778147920236200520,1778147920.2362006,-2.2685168425189417,-0.9850667280009766,-1.9156562089920044,-1.2381943327239533,1.017595887184143,0.7405954599380493
1778147920256218631,1778147920.2562187,-2.268512550984518,-0.9850507539561768,-1.9157005548477173,-1.238218681221344,1.0176701545715332,0.7405627369880676
1778147920276161840,1778147920.276162,-2.2685044447528284,-0.9850876492312928,-1.9156887531280518,-1.238174245958664,1.017608642578125,0.7405710220336914
1778147920296167643,1778147920.2961679,-2.268500630055563,-0.9851197165301819,-1.9156723022460938,-1.2381902200034638,1.0176329612731934,0.7405508160591125
1778147920316186272,1778147920.3161864,-2.2685611883746546,-0.9850667280009766,-1.9157167673110962,-1.2381332975677033,1.0176329612731934,0.7405627965927124
1778147920336224222,1778147920.3362243,-2.2685044447528284,-0.9850917619517823,-1.91566801071167,-1.2381782990745087,1.017608642578125,0.740587055683136
1778147920356140106,1778147920.3561401,-2.268528763447897,-0.9850869935802002,-1.9156562089920044,-1.238186703329422,1.0176490545272827,0.7405710220336914
1778147920376247034,1778147920.3762472,-2.26854116121401,-0.9850953382304688,-1.915663719177246,-1.2381616693786164,1.017665147781372,0.7405710220336914
1778147920396290058,1778147920.39629,-2.268500630055563,-0.9850994509509583,-1.9156509637832642,-1.238206223850586,1.0176372528076172,0.7405751347541809
1778147920416189773,1778147920.41619,-2.2685535589801233,-0.9850389522365113,-1.9156802892684937,-1.2381943327239533,1.0176372528076172,0.7405710220336914
1778147920436262609,1778147920.4362628,-2.268528763447897,-0.9850869935802002,-1.9156560897827148,-1.2382263404181977,1.0176079273223877,0.7405911684036255
1778147920456333504,1778147920.4563336,-2.2685330549823206,-0.9850793045810242,-1.9157005548477173,-1.2381942731193085,1.0175960063934326,0.7405751347541809
1778147920476209649,1778147920.4762099,-2.26854116121401,-0.9850550454906006,-1.9157005548477173,-1.238178328876831,1.0176414251327515,0.7405829429626465
1778147920496131145,1778147920.4961312,-2.2685654799090784,-0.9851321142962952,-1.9156723022460938,-1.2381498974612732,1.0175960063934326,0.7405751347541809
1778147920516189136,1778147920.5161893,-2.2685049215899866,-0.9850710195354004,-1.91566801071167,-1.238210306768753,1.017612099647522,0.7405829429626465
1778147920536181868,1778147920.536182,-2.26854116121401,-0.9850751918605347,-1.9156887531280518,-1.2381943327239533,1.0176414251327515,0.7405829429626465
1778147920556228823,1778147920.5562289,-2.2685368696795862,-0.9850953382304688,-1.91566801071167,-1.2381943327239533,1.01762056350708,0.740587055683136
1778147920576186519,1778147920.5761867,-2.2685368696795862,-0.9851405781558533,-1.9156887531280518,-1.2382022005370636,1.0175604820251465,0.7405710220336914
1778147920596289826,1778147920.5962899,-2.268528763447897,-0.985102967625,-1.9156562089920044,-1.238206223850586,1.0176818370819092,0.7406072616577148
1778147920616226532,1778147920.6162267,-2.2685163656817835,-0.9850953382304688,-1.9157049655914307,-1.2382103365710755,1.0175679922103882,0.7405954599380493
1778147920636168438,1778147920.6361685,-2.2685087362872522,-0.9850912255099793,-1.91566801071167,-1.2381825608066102,1.0175961256027222,0.7405181527137756
