time_ns,time_s,x,y,z,rx,ry,rz
1778147084874447406,1778147084.8744476,-0.40752030849139925,-0.03393027308416768,0.8091996502802548,-1.8082800789903721,-1.7491522243148967,0.7557355116945833
1778147084879866687,1778147084.8798668,-0.4075104254093601,-0.033944937848160654,0.8092081022601126,-1.808276651925757,-1.7491621632229009,0.7558419215531493
1778147084897197842,1778147084.897198,-0.40752304624933455,-0.033934955498291654,0.809188804562554,-1.808266053091612,-1.749148067774202,0.7557528593984928
1778147084917188038,1778147084.9171882,-0.40749543838613483,-0.03390822386461422,0.809186964371736,-1.8082785951789224,-1.749093015838875,0.7557646501756891
1778147084935817538,1778147084.9358175,-0.4075106702635707,-0.03391804234232485,0.8092040171977553,-1.8083275167967283,-1.7490615045116256,0.7557653850708749
1778147084955771510,1778147084.9557714,-0.407491352251365,-0.03389578065868812,0.8092175216528067,-1.808311723669867,-1.7490293527736407,0.7558094403725759
1778147084975808062,1778147084.9758081,-0.40751065012385673,-0.03393309319457578,0.8092054652907412,-1.8082750817432467,-1.749136023492605,0.7558005812911853
1778147084995769114,1778147084.9957693,-0.4074900083424871,-0.033924048261272814,0.8092368298900087,-1.8082486130096729,-1.749093241267578,0.7558788976419497
1778147085015801963,1778147085.015802,-0.40749687840486587,-0.03392490265177626,0.8092237147288609,-1.8083018810149254,-1.7490827996032308,0.7558668695886599
1778147085035861950,1778147085.0358622,-0.40751178930143195,-0.03392641951139836,0.8091885695784812,-1.8082681538510692,-1.7491817710765347,0.7556851255073597
1778147085055768905,1778147085.055769,-0.4074971708567433,-0.033919415732229743,0.8092284260292556,-1.8082952101170235,-1.7490673482832573,0.7558752194281455
1778147085075795170,1778147085.0757954,-0.4075278917416464,-0.03392566600050395,0.809192237457398,-1.8083416683401299,-1.7491006307397343,0.7557628443310881
1778147085095806342,1778147085.0958066,-0.4075010126084614,-0.03389934210326502,0.8092157761398286,-1.8082889993272016,-1.7490398047696107,0.755741863994653
1778147085115814793,1778147085.115815,-0.40751837692331117,-0.03392843662504722,0.8092059108275897,-1.808331601857438,-1.749085427820108,0.7557740098705196
1778147085135749631,1778147085.1357498,-0.4075047117242859,-0.03394227605158951,0.8091947294595195,-1.8082509803587323,-1.7492301139679147,0.7557444477951648
1778147085157173233,1778147085.1571734,-0.4074824317992868,-0.03391215172147643,0.8092046046463319,-1.8082746742378881,-1.749134726057276,0.7558131212674821
1778147085179951995,1778147085.179952,-0.40749458651980375,-0.033909698155088014,0.8092538859626973,-1.8082521388999602,-1.7490452785348016,0.7558706406196248
1778147085195801656,1778147085.1958017,-0.4075025957900436,-0.03392873290472735,0.8092308918878378,-1.8082410041858124,-1.7490883839909785,0.7558031534959345
1778147085215779227,1778147085.2157795,-0.40752237852547557,-0.033941024565881536,0.8091819626907549,-1.8082945890103326,-1.749157898481384,0.7557172004731527
1778147085235753161,1778147085.2357533,-0.40749544083622014,-0.03393143744380203,0.809227451123229,-1.808266207687082,-1.749124970865817,0.7558840404177081
1778147085255868486,1778147085.2558684,-0.40748744466171,-0.03393935165185033,0.8091814509485769,-1.8082430089973003,-1.7492212108678835,0.7557991681696424
1778147085278525148,1778147085.2785254,-0.4075131443068895,-0.033921495907909494,0.8091982483852095,-1.8083074897822689,-1.7490914401939455,0.755761093103678
1778147085295844581,1778147085.2958448,-0.4075187509892532,-0.03392218972586508,0.8091818797336887,-1.80833952401406,-1.7491317128700192,0.7556843474663603
1778147085315757147,1778147085.3157573,-0.4075056675253015,-0.033938839731563294,0.8092029053282316,-1.8082236155351288,-1.7491610201101724,0.7558025206684448
1778147085335773856,1778147085.335774,-0.40750381712380107,-0.03391229026696867,0.8092225778699641,-1.808292783045745,-1.7490793582312534,0.7558103621149499
1778147085355825074,1778147085.3558252,-0.40751912899029663,-0.033928642768500494,0.8092116888757239,-1.808253750194913,-1.7491079761123636,0.7557808913600687
1778147085375892617,1778147085.3758929,-0.4075065257229623,-0.033931512390443966,0.8092122287388559,-1.8082746656053243,-1.749149027831298,0.7557814526985064
1778147085395808809,1778147085.395809,-0.40749371532797607,-0.03392094002181524,0.8092316454108334,-1.808311167707815,-1.7490607547622727,0.7558423415547457
1778147085415777647,1778147085.4157777,-0.4075158994482199,-0.03392933635248329,0.8092202136584368,-1.80827323479328,-1.749078576273073,0.7557950479861556
1778147085435859952,1778147085.4358602,-0.40749836694518254,-0.03391544309881797,0.8092225920688447,-1.808300065684616,-1.749052764522615,0.7558045191373158
1778147085455798270,1778147085.4557984,-0.4075073718785536,-0.0339386987623983,0.8091849886571986,-1.808211969292311,-1.749196133820646,0.7556920115259765
1778147085475847691,1778147085.4758477,-0.40749416914708525,-0.03391742802635988,0.8092106015287318,-1.8082656825519403,-1.7490980367523585,0.7557734345004181
1778147085495834136,1778147085.495834,-0.40749657528657285,-0.03392375277783937,0.8092227952604827,-1.808272511670784,-1.7491248373136483,0.7558802835493792
1778147085515792040,1778147085.5157921,-0.4075133600875384,-0.03391983927582436,0.8092049323176981,-1.8082477718979724,-1.7491291538711415,0.755688681569958
1778147085535773383,1778147085.5357735,-0.4075077015967947,-0.03393093001599121,0.8092074371067552,-1.8082527129440413,-1.7491222281444254,0.7558024837075165
1778147085555792404,1778147085.5557926,-0.4075212532088046,-0.033931298194453126,0.8091530909299682,-1.8083455583012988,-1.7491201511008465,0.7557016828324213
1778147085576013371,1778147085.5760133,-0.40751161885409204,-0.03392525478434807,0.8091900689604046,-1.8082726068183481,-1.7491380694749006,0.7557182049139446
1778147085595752215,1778147085.5957522,-0.40751654668989007,-0.03392334184560849,0.8092102699021744,-1.8082237253088291,-1.7491113283891544,0.7557710182005116
1778147085615805254,1778147085.6158054,-0.40749242197663704,-0.033916650976739446,0.8092167003664708,-1.808226906595325,-1.7491009493536087,0.7558215603873677
1778147085635845181,1778147085.6358452,-0.4075082177600638,-0.03390427103611152,0.8092090206451055,-1.8082611781834435,-1.7490665234865932,0.7557359491889871
1778147085655746289,1778147085.6557465,-0.4075059024335987,-0.033938622636637175,0.8092164182118318,-1.808256077512542,-1.7491588242464913,0.7558193926842622
1778147085675859646,1778147085.67586,-0.4074981159385833,-0.03389068495107309,0.809199442926978,-1.808326352634262,-1.7490284157710612,0.7557333427015869
1778147085695763073,1778147085.6957633,-0.40750715223264916,-0.033909679202560356,0.8092077317716682,-1.8082591235461882,-1.7491306251411267,0.7557036632143718
1778147085715813353,1778147085.7158134,-0.4075007428613162,-0.033926767362040096,0.8092011655746942,-1.8082867915689902,-1.7491394429766678,0.7557524883675899
1778147085737220339,1778147085.7372205,-0.4075057905876768,-0.03390909093477366,0.8091984365044341,-1.808344294380705,-1.74905784739381,0.7557607670345756
1778147085755807114,1778147085.7558074,-0.4075109509768605,-0.03392256009026662,0.809231365352547,-1.8082975287856013,-1.7490859900799425,0.7558338904237151
1778147085775829848,1778147085.7758298,-0.40751120400022245,-0.033931596662802536,0.8092016744326047,-1.8082376503374726,-1.7491201937557073,0.7557575945481523
1778147085795850555,1778147085.7958505,-0.4075119105937309,-0.03391995726829452,0.8091872856413489,-1.8082489798358847,-1.7491481148284687,0.7556206001156939
1778147085815782381,1778147085.8157825,-0.4075117856014507,-0.03393287183332567,0.8091797514576885,-1.8082622552386023,-1.7491829080700947,0.7557040419138881
1778147085835845758,1778147085.8358457,-0.4074997723443549,-0.0339165023340389,0.8092130405725935,-1.8082665398870466,-1.7490569295824965,0.7558334956273549
1778147085855777448,1778147085.8557777,-0.40748294262843865,-0.03391418042376785,0.8092190498327325,-1.808233138897313,-1.7491169570674236,0.7557650126536299
1778147085875901965,1778147085.8759022,-0.4075010846538655,-0.03392325444298721,0.8092298308822525,-1.8082756832661842,-1.7490616664823777,0.7558170372961376
1778147085895822737,1778147085.895823,-0.4075150391453203,-0.0339352118406467,0.8091889820373628,-1.8083166550254446,-1.749149607128227,0.7557332264415499
1778147085915812906,1778147085.915813,-0.40750486388644785,-0.033930194198606566,0.8091927556328489,-1.8082801649048026,-1.7491293754627342,0.7557304815412735
1778147085935878579,1778147085.9358788,-0.4075017833513924,-0.03390813657103425,0.8092224913500745,-1.80830785649383,-1.7490273098978246,0.7558176759256383
1778147085955781716,1778147085.9557817,-0.40751107228838634,-0.03394151880291916,0.8092237454484837,-1.8082709468364355,-1.749161845900361,0.7558029013954171
1778147085976175154,1778147085.9761753,-0.40751699553352966,-0.033937128725528586,0.8091867339053024,-1.8082989500212219,-1.7491724648594953,0.7557166254324328
1778147085995797448,1778147085.9957976,-0.4075122741254913,-0.03392537821936408,0.8091963274865731,-1.8082803306032653,-1.7490939611438039,0.7557611552273248
1778147086016898687,1778147086.0168986,-0.4075239345511179,-0.03392246237781082,0.8091677725006027,-1.8082432507751995,-1.7491208215484344,0.7556893451869158
1778147086035764770,1778147086.035765,-0.4074901621160299,-0.03392086180144063,0.8092070212509028,-1.8082460456386722,-1.749128650964023,0.7557763840992012
1778147086055704477,1778147086.0557046,-0.40748529710926984,-0.03391050144381179,0.809218677128725,-1.8082841130788967,-1.7490825579972602,0.7558325951382568
1778147086075941942,1778147086.075942,-0.40753084190166056,-0.03394626571487284,0.8092195832749889,-1.8081978801768945,-1.7491407253346545,0.7557844921343674
1778147086095822324,1778147086.0958223,-0.4074955198233799,-0.033927861170553616,0.8092232167489513,-1.8082300252166192,-1.7491179533744112,0.7558168063370094
1778147086115759113,1778147086.1157591,-0.40750321758896696,-0.033912420545204984,0.8092315049934131,-1.8082911201905565,-1.749092387371054,0.7557981308123737
1778147086135771727,1778147086.1357718,-0.40750697065164343,-0.03392367645438654,0.8092065289817829,-1.8082711074524307,-1.749089268127692,0.7557980257547132
1778147086155777357,1778147086.1557775,-0.407504775636504,-0.03392832957349606,0.8092118957059156,-1.8082528834069955,-1.7491221181385532,0.7557920932172594
1778147086175831790,1778147086.175832,-0.40749513636188583,-0.03392090213472995,0.8092515168789726,-1.8082486506990623,-1.7490870825806124,0.755890768100881
1778147086195763381,1778147086.1957636,-0.4075022584795004,-0.03392413538351408,0.8091957872423459,-1.8082637842571692,-1.7491095197082807,0.7557638025630106
1778147086215815386,1778147086.2158155,-0.4074986380915603,-0.0339250410879122,0.8092082438708825,-1.8082529818564645,-1.7491840711114561,0.7557537711810126
1778147086236162295,1778147086.2361624,-0.40751657862480045,-0.03391609308043794,0.8092101264417735,-1.8083160138038414,-1.7490861091112209,0.7557657686145375
1778147086256908796,1778147086.256909,-0.40751733716619526,-0.03394893337184089,0.8091995689569037,-1.8082680548552517,-1.7491638325645273,0.7557437382769876
1778147086275897773,1778147086.275898,-0.40750127995287044,-0.03391966825423893,0.8092260824439691,-1.8082836043181494,-1.7490793210485813,0.7558370269902542
1778147086297401932,1778147086.297402,-0.4075177112953516,-0.03393484664612704,0.8091881666839092,-1.8082903858436823,-1.7491649274843721,0.7557412645816937
1778147086315792599,1778147086.3157928,-0.40751609012583556,-0.033928008329981135,0.8091676188945462,-1.808273645104639,-1.749144285286297,0.7557196976322996
1778147086335790731,1778147086.3357909,-0.4074934388130264,-0.033907982247038615,0.8092093956568642,-1.8082876073221827,-1.749070420638646,0.7557944588915767
1778147086355773978,1778147086.3557742,-0.4075414283464114,-0.0339461519511507,0.8091514201831782,-1.8082703868196746,-1.7491493912122735,0.7556662750907815
1778147086375892764,1778147086.3758929,-0.4074863813239936,-0.03391895753549351,0.8092009048025148,-1.8082567633492421,-1.7491516889847851,0.7557653686664249
1778147086395800829,1778147086.3958008,-0.40750965945053685,-0.03391883982481958,0.809218846943917,-1.8082299504611925,-1.7490923636274356,0.7557605348672166
1778147086415972126,1778147086.4159722,-0.4074987399578933,-0.03391857785656672,0.8092323012284535,-1.8082831055395576,-1.7490607883229794,0.7558352614286594
1778147086436754796,1778147086.4367547,-0.4075007049148895,-0.03391539912561595,0.8092058177644019,-1.8082811492678394,-1.749138035063177,0.7557624153009185
1778147086455799605,1778147086.4557996,-0.4074807103585123,-0.033890910912605064,0.8092435218649152,-1.808312381318479,-1.7489888573959391,0.7558917529934266
1778147086475842925,1778147086.475843,-0.4074964487495344,-0.033916291741994606,0.8092225376611387,-1.8082807435528476,-1.7490687308219965,0.7558118601489348
1778147086495804830,1778147086.495805,-0.407491461830764,-0.03392036213008303,0.8092100882425882,-1.808242846828826,-1.749136556691938,0.755792240127248
1778147086515803863,1778147086.515804,-0.4075271055322238,-0.033945778834262204,0.8091889850093186,-1.8082538857124402,-1.7491410352701013,0.7557390705811063
1778147086535769151,1778147086.5357692,-0.40752298036532436,-0.03393074847191554,0.8091695435109325,-1.808297804474011,-1.749128206646998,0.7557325021997264
1778147086555810306,1778147086.5558105,-0.40753512925801627,-0.03393534224750565,0.8091963240486011,-1.8083120974293119,-1.7490551690481368,0.7557139976204303
1778147086575765492,1778147086.5757656,-0.4075030909236188,-0.033906657993709316,0.8092026475166121,-1.8082929472778013,-1.749088769450575,0.7557214702985577
1778147086595769968,1778147086.59577,-0.4075189533536831,-0.0339459766111677,0.8092032736332861,-1.8082728463474145,-1.7491529495785965,0.7557612773760872
1778147086615714844,1778147086.615715,-0.4075058813276384,-0.03392286860605008,0.8092277787488262,-1.8082647472027036,-1.7490660502090276,0.75582362865317
1778147086635793092,1778147086.6357932,-0.4074880280280719,-0.033931323810923314,0.8092250360028486,-1.808238685605181,-1.7491348599031415,0.7558149740545184
1778147086655767392,1778147086.6557674,-0.4074960287444819,-0.033926511422716146,0.809206201131013,-1.8082801956754444,-1.7491432469494825,0.7557889788517461
1778147086675859159,1778147086.6758592,-0.4075084385620934,-0.03395302316875826,0.8092157331179353,-1.808205909858348,-1.7492056674423597,0.7557791246476342
1778147086695857926,1778147086.695858,-0.4074910845862295,-0.03391045624866402,0.809223679756389,-1.8082297992059395,-1.7491012689671601,0.7557987103166044
1778147086715733180,1778147086.7157333,-0.407481072175462,-0.033902391801226214,0.8092234215867757,-1.808312538112751,-1.7490878509177856,0.755805850775858
1778147086736048962,1778147086.736049,-0.40750586665571353,-0.03391497531787139,0.809191943297696,-1.8082642598700267,-1.7491368841177846,0.7556999620900573
1778147086755752864,1778147086.755753,-0.4075168981441022,-0.03392808254756772,0.8091899639118897,-1.8083204105118178,-1.7490797397685844,0.7557832789704723
1778147086775835640,1778147086.7758358,-0.40751175334395984,-0.03392500223437353,0.8091806994018338,-1.808271124801897,-1.7491312368875715,0.7556989787499694
1778147086795823999,1778147086.795824,-0.4075168205965106,-0.03393558542897784,0.8091930628710158,-1.8082446302453747,-1.749151269926133,0.7557384301091321
1778147086815775753,1778147086.8157759,-0.4074963616975952,-0.03389952911912009,0.8092078860522843,-1.8083175592159906,-1.7490759192872027,0.7557639817667939
1778147086835825810,1778147086.835826,-0.4075075983467813,-0.03391833556780295,0.8091735326246795,-1.8083016464809698,-1.7491063057120952,0.7557007873608403
1778147086855776162,1778147086.8557763,-0.4075065067249435,-0.033931237659655875,0.809229431702913,-1.8082495912774341,-1.7491270945816773,0.7557926783678853
1778147086876030299,1778147086.8760302,-0.4075083922920582,-0.03392020371381517,0.8092217566246929,-1.808274293909358,-1.749069531579366,0.7557730220880079
1778147086895856928,1778147086.895857,-0.4074995669593665,-0.033927187222781444,0.8092275389732363,-1.8082854020136945,-1.7491345047946405,0.755785880241436
1778147086915803192,1778147086.9158032,-0.4074943901541921,-0.03391731835388182,0.8092105724824674,-1.8082622717116041,-1.7491509358591082,0.7558326130249607
1778147086935887698,1778147086.9358878,-0.40750115045068525,-0.033939206446917496,0.8091966499489491,-1.8082940059359773,-1.7491482783610153,0.7558218057154511
1778147086955770556,1778147086.9557707,-0.40750913474963757,-0.033940274554140656,0.8091792741535062,-1.8082567388642337,-1.749161959154901,0.7557678809324128
1778147086975888957,1778147086.975889,-0.40750691441914305,-0.033919081518246394,0.809209875554548,-1.808272533487834,-1.7491206806870507,0.7557860135445753
1778147086995774469,1778147086.9957745,-0.4075033406569064,-0.03394019636518277,0.8091944667770432,-1.8082318186238664,-1.7491489068476669,0.7557692621809732
1778147087015959489,1778147087.0159597,-0.40750000914620294,-0.033909107790779644,0.8092175383880508,-1.8082848550136885,-1.749105907234149,0.755790750061899
1778147087039284606,1778147087.0392847,-0.4074919876374883,-0.03392295784158268,0.8092277653885417,-1.8082201305509653,-1.7491807116375129,0.7557737522160158
1778147087055848637,1778147087.0558488,-0.40749521064358296,-0.0339208682478833,0.8092432954245934,-1.8082270181262914,-1.7490945181558881,0.7558744684735107
1778147087077204671,1778147087.077205,-0.4075152247561008,-0.033929351942443474,0.8092345723148255,-1.8082474453033832,-1.7490931372409118,0.7558056441742003
1778147087095764368,1778147087.0957646,-0.4075031200940756,-0.03391598950438139,0.8092132882316753,-1.808264193068735,-1.7490704637053383,0.7558072950688577
1778147087115881095,1778147087.1158814,-0.4075110829604844,-0.033917442307767456,0.8091994774385507,-1.8082783000801685,-1.7491157704795188,0.7557530649374463
1778147087135803047,1778147087.1358032,-0.407508329015009,-0.03392644282415912,0.8092196304303325,-1.8082992942019254,-1.7490637220950662,0.7558225194678496
1778147087155883487,1778147087.1558836,-0.40749337733811175,-0.03390944705265251,0.8092033078043122,-1.808318019268438,-1.7491098844228297,0.7557415115241143
1778147087180276980,1778147087.180277,-0.40750448672456896,-0.03392552941519583,0.8092134206852637,-1.8082613742372537,-1.7491227801259046,0.7558153655933221
1778147087195769716,1778147087.1957698,-0.40750853560597333,-0.03391715016826678,0.8092127713384897,-1.8083153299330983,-1.7490906024407746,0.7558166270892828
1778147087215788475,1778147087.2157886,-0.4075228956690426,-0.03391545571793771,0.8092036062155168,-1.8082749942199663,-1.7490831015421473,0.7557145439153593
1778147087235708509,1778147087.2357085,-0.4075130423314886,-0.0339264113676652,0.809212714049196,-1.8082788307822173,-1.749090058024694,0.7558049040796928
1778147087255793373,1778147087.2557936,-0.4074944899314263,-0.0339244736205613,0.809252298140538,-1.8082144977886885,-1.7491176292433543,0.7558669090653178
1778147087275803673,1778147087.2758038,-0.4075161609713272,-0.033932975859247726,0.8092155368718588,-1.8082322371690143,-1.74912504155316,0.7557871975661764
1778147087295809781,1778147087.29581,-0.4075022441869637,-0.033911515183389494,0.809224666157344,-1.8083018496398207,-1.7490516916740164,0.7558124817544155
1778147087315828322,1778147087.3158283,-0.4074960002911363,-0.0339128922264251,0.8092229178140027,-1.808285347092765,-1.7490733138616519,0.7557953218618472
1778147087335805884,1778147087.3358061,-0.40749251438110273,-0.03391065242870898,0.8091971252422132,-1.8083226136607764,-1.7491085478168749,0.7557457470533807
1778147087355760844,1778147087.355761,-0.4075134792638837,-0.033942844094434294,0.8092102095309763,-1.8082386015116216,-1.74919244023033,0.7557678954198789
1778147087375772179,1778147087.3757722,-0.4075029519430591,-0.033921156798423654,0.8092003164578381,-1.8082886050472393,-1.749101628040165,0.7557646266516718
1778147087395831592,1778147087.3958316,-0.4075135770812332,-0.033934846577294515,0.8092286804533755,-1.8082578574165014,-1.7491029142940528,0.7558240808256217
1778147087415781686,1778147087.4157817,-0.4074801525325416,-0.03390999768699295,0.8092252445379683,-1.8082214175765514,-1.7491325364168817,0.7558173828704849
1778147087436132966,1778147087.436133,-0.4074993771124255,-0.033921058316516664,0.8091887389848075,-1.8082689593251777,-1.7491161635976518,0.7557504759837343
1778147087456145925,1778147087.456146,-0.4075185693305918,-0.03394765255774466,0.8092002698225111,-1.808265376113987,-1.7491383746329243,0.7557795227498504
1778147087475806559,1778147087.4758065,-0.40752948621045604,-0.03394911162920474,0.8091925303834727,-1.8082265718360184,-1.7491683252761576,0.7557150383821285
1778147087495799844,1778147087.4958,-0.40751746832691005,-0.03393727658935261,0.8091962178472499,-1.8082858248812184,-1.7491779053978647,0.7557455818394037
1778147087515805746,1778147087.5158057,-0.4075042074299713,-0.03392331903909594,0.8091996226976712,-1.8082503381136266,-1.7491381837922044,0.7557061523476895
1778147087535805960,1778147087.5358062,-0.40750777417374845,-0.033929808918476995,0.8091871197002262,-1.8082854468401082,-1.7491408132448343,0.7557600534794942
1778147087555731847,1778147087.555732,-0.4075003149528642,-0.03391223421481303,0.8092103335216241,-1.808292516087234,-1.7490712494882574,0.7557687253445061
1778147087575731870,1778147087.575732,-0.40749958759120897,-0.033920891117687826,0.8092122058470004,-1.8082643609082085,-1.749098162887033,0.7557894352211667
1778147087595921510,1778147087.5959215,-0.4074958008769101,-0.03391349195310599,0.8092257703608103,-1.8082631887333385,-1.7490808866128909,0.7557907668887677
1778147087615807040,1778147087.615807,-0.4074812088498148,-0.03389926682667395,0.8092099299213306,-1.8083120787114721,-1.7491110373504186,0.755782602549683
1778147087637244786,1778147087.6372447,-0.40749304133652836,-0.03391720254509001,0.8092171181131103,-1.80823255381382,-1.7490843317749563,0.755821919454339
1778147087655823805,1778147087.655824,-0.4075227938708176,-0.03395011943494111,0.8091694735194582,-1.808278337462713,-1.749168909802489,0.755694236908489
1778147087675777579,1778147087.6757777,-0.4075031606109788,-0.033912798471187805,0.8091885510846781,-1.808275615892381,-1.7491231350513246,0.755739076780216
1778147087695806746,1778147087.6958067,-0.40749643578325884,-0.033925569408814894,0.8092519716922929,-1.8082652481465504,-1.7490878958064433,0.7559172239631422
1778147087715769258,1778147087.7157695,-0.40751091407324763,-0.03393482667866875,0.8091584624151856,-1.8082897161689804,-1.7491912310736828,0.7557072649052483
1778147087736006700,1778147087.7360067,-0.40751749677822824,-0.03393885653694612,0.8091905578052153,-1.808293841056458,-1.7491494430644934,0.755740068958889
1778147087755809362,1778147087.7558093,-0.40753242690417846,-0.03393931805538252,0.8092017128262019,-1.8082896788851368,-1.7491121749038505,0.7557435789030671
1778147087775731804,1778147087.7757318,-0.40751018925530863,-0.03392760092568315,0.8091839515075939,-1.808293283246545,-1.7491372175189221,0.7557353403507395
1778147087795876522,1778147087.7958767,-0.40750400239689455,-0.033933872731520626,0.8092035790066419,-1.8083229472126685,-1.7491640940974862,0.7558060126239086
1778147087815789803,1778147087.81579,-0.4075209568766068,-0.03392956127732704,0.809202080367784,-1.808315057909977,-1.7490583796845576,0.7557744849011556
1778147087835721233,1778147087.8357213,-0.40753809123253415,-0.0339525083188993,0.8091682050265979,-1.808291895343474,-1.7492030553284545,0.7556795519503475
1778147087855808553,1778147087.8558087,-0.40751590054735454,-0.03392442705874496,0.8092353174394747,-1.8082569093332796,-1.7491039379752027,0.7557789266061421
1778147087875733576,1778147087.8757336,-0.4075017866938724,-0.033926432821987644,0.8092250231480222,-1.8082705780474289,-1.7491132920478412,0.7558000983226288
1778147087895799196,1778147087.8957994,-0.40750487879307795,-0.033936086423080054,0.8092139435129864,-1.8082783502009603,-1.749134452373473,0.7558356436300989
1778147087915814360,1778147087.9158144,-0.4075159018710515,-0.03392647525768265,0.8092227259280715,-1.8082450645252044,-1.7490895444752441,0.7557774317586615
1778147087935791327,1778147087.9357915,-0.40751135201359573,-0.03392467828939599,0.8091998452651168,-1.8082852628664616,-1.7490935048971572,0.7557565934538132
1778147087955785109,1778147087.9557853,-0.40751528743916726,-0.03391668999129922,0.8092065922611185,-1.8082694137434958,-1.7491090828252558,0.7556955047809032
1778147087977079117,1778147087.9770792,-0.40749164613641364,-0.033918016101644174,0.8092152228068299,-1.8082637968534079,-1.7490889913752155,0.7557850622133647
1778147087995829468,1778147087.9958296,-0.40750318047216055,-0.03390735324394638,0.8092292182960255,-1.8082944425807153,-1.7490734842972422,0.7558453936728939
1778147088018971848,1778147088.018972,-0.40750154769535357,-0.0339166610495772,0.8092031227578201,-1.8082846923169775,-1.7491320222369533,0.7557804910844141
1778147088035800116,1778147088.0358002,-0.4075016748696517,-0.03391583175014875,0.809219694280303,-1.8082811458374317,-1.7491006974668357,0.7558005770596096
1778147088055754217,1778147088.0557544,-0.4074875813957078,-0.03390047194478134,0.8092092320615847,-1.8082454782090214,-1.7490794943988182,0.7558211839242125
1778147088075813735,1778147088.0758138,-0.4074825160368981,-0.03388410575449651,0.8092069131838776,-1.8082524752422329,-1.7490769250460114,0.755766079943229
1778147088095796329,1778147088.0957963,-0.407507226221909,-0.03393401929426249,0.8091970245860242,-1.8082844024746008,-1.7491453106119694,0.755761000025632
1778147088115823537,1778147088.1158237,-0.407500277159395,-0.03391441172872459,0.8091943017817155,-1.808304745343705,-1.7491406423542195,0.7557696409712984
1778147088135775509,1778147088.1357756,-0.40749896546823716,-0.033948710478631614,0.8092092178327063,-1.808277012289809,-1.7491756097824813,0.7557865395541365
1778147088155683546,1778147088.1556838,-0.4075150414799519,-0.03392535417921653,0.8092107457025352,-1.808283130975664,-1.7490460896452726,0.7557833693494788
1778147088175820320,1778147088.1758204,-0.4075203109471503,-0.03393585269891133,0.8091725934957217,-1.8082744709788006,-1.7490957546358417,0.7557128643546364
1778147088195761652,1778147088.1957617,-0.40751267117320994,-0.0339271440985108,0.8092147166036746,-1.808298933284675,-1.7491076294186876,0.7557693516886346
1778147088215759111,1778147088.2157593,-0.40751654010518956,-0.033928884641441226,0.8091877481267566,-1.8082531135575535,-1.7491391241772336,0.7557373543283732
1778147088235848080,1778147088.2358482,-0.4075212541211159,-0.033922494375362315,0.8091981913682731,-1.808274019961177,-1.7491444645383296,0.7557019467109751
1778147088255741650,1778147088.2557418,-0.4075019067806206,-0.03391193020845984,0.8092176058271975,-1.8082693535390497,-1.7490766771584558,0.7558111833859371
1778147088275845743,1778147088.2758458,-0.40750289364531395,-0.03391416204115697,0.8092101463814186,-1.8082677697977114,-1.74912689276002,0.7557707343242283
1778147088295904777,1778147088.2959049,-0.4075091674914586,-0.03391897275872751,0.8091914683853968,-1.8082669630720098,-1.7491034209146776,0.7557088468679777
1778147088315924724,1778147088.315925,-0.40751518534433895,-0.033918095500193146,0.8091801183925734,-1.8083170411906202,-1.74908350533033,0.7557478631230024
1778147088335748688,1778147088.3357487,-0.40750262239527635,-0.03391528996786845,0.8092019118919581,-1.8082736203908398,-1.7490713096907855,0.7557599660048224
1778147088355778890,1778147088.355779,-0.4075227705435473,-0.033938452724643416,0.8091936517509065,-1.8082759269675936,-1.7491228710975832,0.7557529165761668
1778147088375786176,1778147088.3757863,-0.40749333065596993,-0.03392439061688542,0.8092077581203742,-1.808268985404744,-1.7491186544008819,0.7557661447876509
1778147088395798351,1778147088.3957984,-0.4075012900118544,-0.03390158118458468,0.8092151184947199,-1.8083472032164118,-1.7490386667888922,0.7557711773178781
1778147088415779187,1778147088.415779,-0.40751049525430516,-0.03392465691619435,0.8092290628761564,-1.8082910981197677,-1.7490573628779438,0.7558055790911504
1778147088435962399,1778147088.4359624,-0.4075076427528376,-0.03392868713793129,0.8091929074718126,-1.8083146792787377,-1.7491428784855356,0.7557858301252119
1778147088455909475,1778147088.4559095,-0.4075355481238361,-0.033943385098184425,0.8091758568461994,-1.8082921665194864,-1.7491801603278492,0.7556405763406329
1778147088475710992,1778147088.475711,-0.4075012700090233,-0.03392939702158149,0.8092107029615481,-1.8081985311531046,-1.7491490190862389,0.7557384455130431
1778147088495993172,1778147088.4959931,-0.4075058889741581,-0.03394359653158981,0.8092282447667157,-1.808204528533971,-1.749174118777037,0.755806192167604
1778147088515747740,1778147088.515748,-0.4075057527477926,-0.0339426966509448,0.809213623469316,-1.808282883646101,-1.749181512743097,0.755769412934917
1778147088535736006,1778147088.535736,-0.40750326702980444,-0.03392463858275246,0.8091766751706077,-1.808243150049936,-1.7491876448319401,0.7557095769685721
1778147088555800064,1778147088.5558002,-0.40749292668259846,-0.03391364092351996,0.8092080579162689,-1.8082549424776362,-1.7491009891025417,0.7557523667736749
1778147088575706197,1778147088.5757062,-0.40751274394048465,-0.03394007059588124,0.8092124302382839,-1.808245677503636,-1.7491822797340812,0.7557389464000798
1778147088595813942,1778147088.595814,-0.4075129639615831,-0.03393265036887016,0.8091896270975093,-1.8082933492154727,-1.7491338312675413,0.7557437427080563
1778147088615810555,1778147088.6158106,-0.407507847145689,-0.03393466114708264,0.8092034411994398,-1.8082402953101704,-1.7491428783113605,0.7557892754029941
1778147088635814704,1778147088.6358147,-0.40750489104841,-0.03391362932912499,0.8092221356559305,-1.8083012228117796,-1.7490499871427554,0.7558168555414124
1778147088655890634,1778147088.6558907,-0.4075278677619047,-0.033943641049393194,0.8091770532262673,-1.808311403863449,-1.74916839466589,0.7557043683775789
1778147088675749889,1778147088.67575,-0.4075007325700491,-0.033913244570593463,0.8092379049452211,-1.8082857221367343,-1.7490819567529667,0.7558251747559257
1778147088695782188,1778147088.6957822,-0.40749224183977184,-0.03391267566316975,0.8092021234369036,-1.8082366784127542,-1.7490868294604485,0.7557901205209699
1778147088715743137,1778147088.7157433,-0.4074967882942437,-0.03392302314258606,0.8092197720295693,-1.8082799132555016,-1.7490745287923177,0.755816455256398
1778147088735945294,1778147088.7359452,-0.40750900329594386,-0.033945985501020744,0.8091979136760596,-1.8082510622395025,-1.7491650345669691,0.755772245758964
1778147088757784789,1778147088.7577848,-0.40751529824069005,-0.03391818405225165,0.8092009261042008,-1.8083526285064393,-1.7490719007212534,0.755731075024084
1778147088775842106,1778147088.7758422,-0.40749873192320607,-0.03390223292632933,0.8092138682083007,-1.8082825264269684,-1.7490673620707464,0.7557551483610847
1778147088795833834,1778147088.795834,-0.4075071867841531,-0.03394043673260659,0.8092080849091506,-1.8082203598449447,-1.7491867679532151,0.7557660920925465
1778147088815834664,1778147088.8158348,-0.40750833120490737,-0.033913305737959906,0.8092067741872165,-1.8082986501279044,-1.7490861787911334,0.7557729835792123
1778147088835798389,1778147088.8357983,-0.4074942872266575,-0.03389689006418492,0.8092475781887085,-1.808305721063152,-1.7490111321152948,0.7558818004379625
1778147088855672569,1778147088.8556726,-0.40749416539147093,-0.03390630911795489,0.8092277603786234,-1.8082976952891605,-1.7490152101443415,0.755849919641493
1778147088875933151,1778147088.8759334,-0.40751133924825744,-0.03392723290711334,0.8091984360460596,-1.8083178125452573,-1.7490838512813967,0.7558156650397747
1778147088895712035,1778147088.8957121,-0.40750267828227194,-0.033915389075391725,0.8092394028093053,-1.808210636696464,-1.749049687000089,0.7558463699064939
1778147088915802646,1778147088.9158027,-0.40749771946416885,-0.033910792815878756,0.8092311079715057,-1.8083451469656917,-1.7490529292604695,0.7558637969924802
1778147088935744529,1778147088.9357445,-0.40751442611901384,-0.03391101181954869,0.8092314595861984,-1.8083542909883918,-1.7490104366682513,0.7558079225913141
1778147088955790231,1778147088.9557905,-0.40752031422947593,-0.033926879181645955,0.8091940831943,-1.8082838035100104,-1.7491336316048358,0.7557296598334244
1778147088975766090,1778147088.9757662,-0.40751059674453244,-0.03392597736431039,0.8092088794220139,-1.808240349761426,-1.7491005922964555,0.7557485011548292
1778147088995786734,1778147088.995787,-0.4075040364095075,-0.03393770640786262,0.8091753415241902,-1.8082441599144876,-1.7491674226016705,0.7557416444852374
1778147089015929693,1778147089.0159297,-0.40750314363391593,-0.03392784825258038,0.8092064491983624,-1.8082578877752056,-1.7491428952315302,0.7558167459554244
1778147089036017626,1778147089.0360177,-0.4075117956170654,-0.03392796646943903,0.8091962358268491,-1.8083105063869487,-1.7491532808719252,0.7557231547249736
1778147089055791241,1778147089.0557914,-0.407499279403593,-0.033923273896412184,0.8092058906507326,-1.8082567414408712,-1.7491407998219641,0.7557906632547869
1778147089075826308,1778147089.0758266,-0.4075047483509717,-0.03391040636110279,0.8092041878659207,-1.808283872068441,-1.7491059062924101,0.7557748655696562
1778147089095770478,1778147089.0957706,-0.40747711478474563,-0.03390681932817241,0.8092576892668072,-1.8082974282606208,-1.749053413076842,0.7559508578191689
1778147089115790664,1778147089.1157906,-0.40751013624803895,-0.033923650178065916,0.8092075271339312,-1.808283296678486,-1.74916468165077,0.7557289211324615
1778147089135790548,1778147089.1357906,-0.40751965392094724,-0.03395139619364938,0.8091803387408103,-1.8083007413798093,-1.749219244294282,0.7557507705244849
1778147089155849509,1778147089.1558497,-0.40750942640858295,-0.033926543906827755,0.8091721087912641,-1.8083120880698973,-1.7491569808827616,0.7557485266702014
1778147089175794626,1778147089.1757948,-0.4075259426227741,-0.03394712405303862,0.8091901071240928,-1.8082707723363176,-1.7491487103763483,0.7557480781122244
1778147089195829464,1778147089.1958296,-0.40749617282552203,-0.03392876623743523,0.8092101627871587,-1.8082916455655902,-1.7491100007953062,0.7557987171086399
1778147089216803414,1778147089.2168036,-0.40750292853502507,-0.0339474860328001,0.8092043057862992,-1.8081989199678195,-1.7491787462559596,0.755784475080216
1778147089235834641,1778147089.2358348,-0.4075001671241017,-0.03391236974876005,0.8092215658381503,-1.8082689650788104,-1.7490913010311175,0.7557896318757306
1778147089255866126,1778147089.2558663,-0.4075116293660777,-0.03391445775594059,0.8092009073918821,-1.8082881028234903,-1.7490855676445367,0.7557309798682504
1778147089275855533,1778147089.2758558,-0.4074693836982012,-0.03390873451944137,0.8092284264062801,-1.8082642380120797,-1.74915698308015,0.7558548283535359
1778147089295889137,1778147089.2958894,-0.40751403040416667,-0.03391024544946047,0.8091852175780478,-1.8083294456511432,-1.7490860336893106,0.7557624182307746
1778147089315779250,1778147089.3157794,-0.4075014712583696,-0.033920676476441994,0.8091974834337902,-1.8082818775305787,-1.7491553851887442,0.7557615857989415
1778147089335809594,1778147089.3358097,-0.40751210191558407,-0.03394639552662551,0.8092220620337504,-1.8082410790023709,-1.7491700325496597,0.7558168368658617
1778147089355759431,1778147089.3557594,-0.4075193783568948,-0.0339449470354868,0.8091842862159913,-1.808233930081735,-1.7491707904386282,0.7556891002352398
1778147089375763399,1778147089.3757637,-0.4075171278997019,-0.03392110704708475,0.8092028223063829,-1.8082844910605966,-1.7491249603361703,0.7557345729692985
1778147089395839936,1778147089.3958402,-0.407515742405127,-0.03395033140914175,0.8091867536799433,-1.8082287822767045,-1.7491938203610127,0.7556970553300265
1778147089415771585,1778147089.4157717,-0.4074994537015403,-0.03391767244107502,0.8092022940449283,-1.808260045297736,-1.7491436823935924,0.7557275193791425
1778147089435800500,1778147089.4358008,-0.4075077752426792,-0.03392453544093757,0.8092142312078702,-1.8082814561096905,-1.7491110376122827,0.7557777907684184
1778147089455824946,1778147089.455825,-0.4074895673509453,-0.03391185550278849,0.8092198138687184,-1.808263335280818,-1.7491334061151127,0.755832772907896
1778147089475791335,1778147089.4757915,-0.40752439949729297,-0.033929982309153055,0.8091943625851853,-1.8082849171633226,-1.7491608106562948,0.7557011253594926
1778147089495671458,1778147089.4956717,-0.4075032614216393,-0.033925892684352046,0.8092378307969899,-1.8082208399052733,-1.7491111334000438,0.7558279467155659
1778147089515791223,1778147089.5157912,-0.40751443846793944,-0.033936031006650574,0.8091892251535715,-1.8083031464706416,-1.7490909526046634,0.7557489529455989
1778147089535807644,1778147089.5358078,-0.4075104908113464,-0.03393569301897769,0.8091929552122681,-1.8083071016575682,-1.7491632844588836,0.7557638719983502
1778147089555739499,1778147089.5557394,-0.40750838432054326,-0.03391232214693077,0.8092119891318009,-1.8083050977084696,-1.7490514204178744,0.7557625558144768
1778147089575884709,1778147089.5758848,-0.4075254519663898,-0.03393321969963421,0.8091885191182782,-1.808264487011761,-1.7491297202364373,0.7556930667655227
1778147089597621785,1778147089.597622,-0.40750951271273006,-0.033926812547508386,0.8091836361650137,-1.8083411711783186,-1.749120601875669,0.7557637415520159
1778147089615881543,1778147089.6158817,-0.40749670137257404,-0.03391821628719758,0.8092188879809259,-1.8082734364181954,-1.7490962259251142,0.7558558314773918
1778147089635751791,1778147089.6357517,-0.4075156219066964,-0.0339279050884981,0.809199863265266,-1.808296428506381,-1.7491180435912794,0.7557795183718461
1778147089655787429,1778147089.6557877,-0.40750860179626247,-0.033915540273171514,0.8092035766336986,-1.8082883659517432,-1.7491385156875439,0.7557229196872743
1778147089675765068,1778147089.675765,-0.4075044799071083,-0.03391907931651848,0.8091844660281069,-1.808273632968727,-1.749167037889514,0.7557826552527949
1778147089695768343,1778147089.6957684,-0.4075233466313218,-0.033917688762199805,0.8091877603923043,-1.8083085803502916,-1.7490743735084142,0.7557094073625622
1778147089715838776,1778147089.715839,-0.40750811442985707,-0.03394492541902636,0.809233290894912,-1.8082609562104093,-1.7491521210617422,0.755861250422739
1778147089737702744,1778147089.7377028,-0.407512497679632,-0.03392157782040049,0.8091956751598871,-1.8082756564620184,-1.7491410454565817,0.7557606181253035
1778147089755875134,1778147089.755875,-0.4075033392195264,-0.03391453182602135,0.8091931318117238,-1.808306697636044,-1.7491481620691463,0.7556863592227867
1778147089776328530,1778147089.7763286,-0.4075187870368051,-0.033938258497295766,0.809205563397792,-1.8082832920825032,-1.7491080023588512,0.7557751434809031
1778147089795818749,1778147089.7958188,-0.40751106170735796,-0.03389119594439209,0.8092111509070654,-1.8083525444770074,-1.7490148583992149,0.755714008383895
1778147089815780900,1778147089.8157809,-0.40750340891871384,-0.03391613745418836,0.8092018213833122,-1.8082800406947834,-1.749096178496852,0.7557637419613266
1778147089835775680,1778147089.8357759,-0.40749611580176864,-0.03391643180735536,0.8091987115693366,-1.8082876784560336,-1.7490977269913184,0.7557822503855761
1778147089855815733,1778147089.855816,-0.40750381259144647,-0.033911279013043534,0.8092121111706356,-1.8082957167012752,-1.749070547819344,0.7557534385065443
1778147089877142419,1778147089.8771427,-0.4074855970360087,-0.0339256103656995,0.8091919139110605,-1.808230029549555,-1.7491866915780037,0.7557856169493827
1778147089895828488,1778147089.8958285,-0.4075051428108724,-0.033922075498619114,0.8092335319499362,-1.808202051865419,-1.7490616643521524,0.7558172881502537
1778147089915740330,1778147089.9157405,-0.4075095484214439,-0.03391693372808164,0.8092245374170702,-1.8082750243063959,-1.7490401180966368,0.7558061900688745
1778147089935823856,1778147089.935824,-0.4074894650029328,-0.03390608907266923,0.8092295764185309,-1.8082875162565235,-1.7490688097382954,0.7558194808594966
1778147089955769654,1778147089.9557698,-0.40749098253521376,-0.033896990078225955,0.8092261639914731,-1.808341567848156,-1.7490122410114477,0.7558077126742673
1778147089975784341,1778147089.9757845,-0.4075084204535799,-0.03393236191410364,0.809220536433733,-1.8082376145376204,-1.749098451652543,0.7558265405092837
1778147089995857193,1778147089.9958572,-0.40750611941266307,-0.03391976467688336,0.8091995338915339,-1.8083282291491614,-1.7490934144239814,0.7557728310695074
1778147090015792080,1778147090.0157921,-0.40748976827034616,-0.0339228625426262,0.8092105107768099,-1.808273800988334,-1.7490981225480684,0.755796147536426
1778147090035953535,1778147090.0359535,-0.40749699827706665,-0.033932349471700735,0.809203539018929,-1.8082179559027496,-1.7492234002844995,0.7557709917815755
1778147090057491660,1778147090.0574918,-0.4074960966912651,-0.03392592967083278,0.8092101928632572,-1.8082872845472817,-1.7491617312686825,0.7557843266621754
1778147090075811096,1778147090.0758111,-0.40751942046467904,-0.03394135999553303,0.8091877912908361,-1.8082794434055929,-1.7491273704785255,0.755735571428075
1778147090095830665,1778147090.095831,-0.40751385097588205,-0.033935267074517675,0.8091956172460588,-1.8082627611626707,-1.7491409575834345,0.7557209306070726
1778147090115805625,1778147090.1158059,-0.4075177811287087,-0.03393179059007869,0.809198180475909,-1.808311950566902,-1.7491009297054447,0.7557535186520271
1778147090135764650,1778147090.1357648,-0.4075173903933035,-0.03393483322015536,0.809191079607217,-1.8082918822824792,-1.749150905321013,0.7557167602525997
1778147090155774319,1778147090.1557744,-0.4074952417650569,-0.03389787774166308,0.8092500212041959,-1.808298229031992,-1.7489755547538903,0.7558585532006573
1778147090175936035,1778147090.1759362,-0.4075134060584459,-0.033929208244200856,0.809201843183802,-1.8082189927990486,-1.7491333310113208,0.7557551441969704
1778147090195746452,1778147090.1957467,-0.4075023995758333,-0.03391599986715115,0.8092163994990966,-1.8082853303813502,-1.7491367773820945,0.7557744288504084
1778147090215807821,1778147090.215808,-0.4075144955577422,-0.0339359151297089,0.8092030465713306,-1.8082720222495219,-1.749142694680739,0.7557906540718381
1778147090235832444,1778147090.2358325,-0.40751416107914723,-0.033909822158601555,0.809220110856628,-1.8083037861364395,-1.7490627487477233,0.7557415258903998
1778147090255778462,1778147090.2557788,-0.407523207255462,-0.03393771515675574,0.8091600440714725,-1.8082968120185274,-1.7491510570584166,0.7556538843246744
1778147090275754602,1778147090.2757547,-0.40748853227618675,-0.03389709413932049,0.8092230457308794,-1.8082750002895691,-1.7490113492173722,0.7558136765792715
1778147090295875901,1778147090.295876,-0.4075237119228056,-0.033928813049780626,0.8091988668332891,-1.8082866857819053,-1.7491073060639915,0.7557091599542068
1778147090315919691,1778147090.3159196,-0.40752045462154945,-0.033929514864736124,0.8091811512284601,-1.808288397453295,-1.7490872185216757,0.7556979810424381
1778147090337457612,1778147090.3374577,-0.4075008934023735,-0.03392309516750045,0.8092187085201554,-1.808279074802914,-1.7490736254047472,0.7558168891557961
1778147090355807298,1778147090.3558073,-0.40752067449860774,-0.03392984004942925,0.8091942202592788,-1.8082493616251314,-1.7491464489966104,0.7557110661934814
1778147090375801529,1778147090.3758018,-0.40751230654793835,-0.033930117894232587,0.8091978442409727,-1.8082717676291582,-1.7491690535233535,0.7557420975794947
1778147090395810231,1778147090.3958104,-0.4075045106164501,-0.03392074916596055,0.8092241839247702,-1.8083236258997593,-1.7490707046955358,0.7558374853889331
1778147090415784305,1778147090.4157844,-0.40750547936330606,-0.03392666027931842,0.80921830573457,-1.808235616837298,-1.7490927799426563,0.75580218754021
1778147090435781894,1778147090.435782,-0.4075099855546658,-0.03393593435603724,0.8091848916963422,-1.808336157280832,-1.7490613360902685,0.755807257511765
1778147090455761836,1778147090.4557621,-0.40751658345457875,-0.03393675376487552,0.8091842184844968,-1.8082954229126442,-1.7491626939668397,0.7557657070693475
1778147090475774003,1778147090.475774,-0.4075081423865072,-0.03393051409129194,0.8091904247234382,-1.8083237894011621,-1.7490765767629541,0.7557415324904394
1778147090495826863,1778147090.495827,-0.40751793826219535,-0.03392737030166405,0.8091909187489986,-1.8082790923507752,-1.7491103127041103,0.7557135616971044
1778147090515761426,1778147090.5157616,-0.4075120871519714,-0.03395255114941149,0.8092013797740624,-1.8082406833597282,-1.7491338012844415,0.7558181260469784
1778147090535819851,1778147090.5358198,-0.4074949961331351,-0.03390800598450057,0.8092385697050539,-1.8082633794068073,-1.749052336169963,0.7558346998156279
1778147090555749628,1778147090.5557497,-0.4075158838775425,-0.03392403695052522,0.80920771854712,-1.808249308519821,-1.7491093787260563,0.7557419970128413
1778147090575885956,1778147090.5758862,-0.40750261556209516,-0.03392096359000355,0.8092126448176424,-1.8082597527108586,-1.7490821544177757,0.7558087244675755
1778147090595962821,1778147090.595963,-0.4075029777185989,-0.033915790482236176,0.8092053205365948,-1.8082951285216928,-1.7490794000568406,0.7557793054161351
1778147090619932242,1778147090.6199322,-0.4074972407921966,-0.03391343574966777,0.8091977207814264,-1.8082331643989324,-1.7491165134429532,0.7557324379569653
1778147090635822899,1778147090.635823,-0.40751575460975586,-0.03393361368398264,0.8091939035079687,-1.8082995511479336,-1.7491614994476243,0.7556880322167577
1778147090655743621,1778147090.6557438,-0.40751113299220454,-0.03392686075396995,0.8092060662430173,-1.808289714446824,-1.7490681742790701,0.7557915307395071
1778147090675824516,1778147090.6758246,-0.4075177965374981,-0.03392262598337529,0.8091877695097722,-1.8082844984788184,-1.7491174768222324,0.7556591832367544
1778147090695796966,1778147090.6957972,-0.4075273363558035,-0.03393935439166527,0.8091756630833709,-1.8083079624725187,-1.7491202122487957,0.755756533768862
1778147090716961769,1778147090.7169619,-0.4074924384653542,-0.03390676491389269,0.8092364826618238,-1.8082308963734877,-1.7490962615634087,0.7557987010297192
1778147090735751395,1778147090.7357516,-0.4074729132268456,-0.033887150081442885,0.8092392546819435,-1.8082602455476708,-1.7490449846370881,0.755830479106796
1778147090755664955,1778147090.755665,-0.40749364989748604,-0.03392609365854515,0.8092292550375202,-1.8082590281189053,-1.7491178929511715,0.7558599386054634
1778147090775864834,1778147090.7758648,-0.4075001164771841,-0.03392156049542761,0.8092104112937086,-1.8082326275589027,-1.7491252937923265,0.7558059179642836
1778147090796703126,1778147090.7967033,-0.4075185423356421,-0.03393552089756051,0.8091800593094494,-1.8082723647307588,-1.7491113861430008,0.7557556296100928
1778147090815822432,1778147090.8158224,-0.4075087219448169,-0.03394128364965639,0.8092137459978844,-1.8083020564115357,-1.7491500548852674,0.7558209090527253
1778147090835801043,1778147090.8358011,-0.4075151626185976,-0.033934710511464905,0.8092026044812363,-1.8082599555704413,-1.7491754933438057,0.7557346121444756
1778147090855770207,1778147090.85577,-0.4075089483777722,-0.03392675049656641,0.8092014066741092,-1.8082946560244992,-1.7491246431662346,0.7557329385999526
1778147090875809811,1778147090.87581,-0.40750298620464537,-0.03392965864271528,0.8092002940504017,-1.8082878191415392,-1.749103316344019,0.7558172377121508
1778147090897412231,1778147090.8974125,-0.40749166304218626,-0.03390765394260079,0.8092071988360238,-1.8083028209603704,-1.7490711548064863,0.7558229594091186
1778147090915768025,1778147090.9157681,-0.4075072201378688,-0.033910887011229254,0.80922471460278,-1.8083016048700058,-1.7490608516990191,0.7557633028811775
1778147090935735471,1778147090.9357357,-0.40751596032211385,-0.033937800256966646,0.8092148351172985,-1.8082444939084659,-1.7491248161269106,0.7558180791686607
1778147090955823834,1778147090.955824,-0.40751400777919766,-0.033902345060743744,0.8092307165614807,-1.8082835107357702,-1.7490316690406875,0.7557381527764528
1778147090975767218,1778147090.9757674,-0.4075186116355171,-0.03394662571337281,0.8092097910245927,-1.8082118884603098,-1.7491755225753571,0.7557207284858349
1778147090995763908,1778147090.995764,-0.4075016747779566,-0.0339206364903937,0.8092163269540164,-1.8082331417545277,-1.7491108712075905,0.7558171561517572
1778147091015750098,1778147091.0157502,-0.4074923749951532,-0.0339061761735582,0.8092164345012081,-1.8082734808807175,-1.7490725767282027,0.7557869017000269
1778147091035709039,1778147091.0357091,-0.40750159425387494,-0.03392241482072215,0.8091861298964924,-1.808278943085002,-1.7491986435864564,0.7557119848182567
1778147091055762621,1778147091.0557628,-0.4075178605748875,-0.033938760240610905,0.8091927768146391,-1.808297141935113,-1.7491233788981293,0.7557254521512021
1778147091075715113,1778147091.075715,-0.4074979459344743,-0.03390930110500164,0.8091833108571833,-1.8082991771312744,-1.749119503903617,0.7557287790113131
1778147091095810669,1778147091.0958107,-0.407524703355741,-0.03392728968470806,0.8092065206149729,-1.8082802336729509,-1.749064422746607,0.7557563287565691
1778147091115892983,1778147091.1158931,-0.40752549335851995,-0.03394948978326394,0.8091696563296413,-1.8082698409971891,-1.7492013085585432,0.7556983395014217
1778147091135779338,1778147091.1357794,-0.4074856044828847,-0.03389879879889235,0.8092270319126578,-1.808215738652317,-1.749095998556393,0.7557627835953242
1778147091155800804,1778147091.155801,-0.4075001606651531,-0.03392484310449762,0.8092065507983343,-1.808264216312191,-1.749107157406297,0.7557848802903496
1778147091175829823,1778147091.17583,-0.40750787375045605,-0.03391185536687491,0.8092163529569125,-1.8083044145068954,-1.749053559920141,0.7558090727752786
1778147091195807517,1778147091.1958077,-0.40750989062360166,-0.03391876524342856,0.8091792488765003,-1.8083025011359626,-1.7491131944767822,0.7556885863272282
1778147091215815032,1778147091.215815,-0.4075050101302403,-0.03392883298045488,0.8092020705285793,-1.808272568137857,-1.7491427168077478,0.7557666859528221
1778147091235771529,1778147091.2357717,-0.40750636795584194,-0.03392496901037026,0.8092138872541684,-1.8082842278685973,-1.7491415218767339,0.7557714153034036
1778147091255791254,1778147091.2557914,-0.4075202400166503,-0.03394432211131819,0.8091607277646902,-1.8083388460417997,-1.7491522657995333,0.755745851429141
1778147091275816449,1778147091.2758164,-0.40751396745782864,-0.03393575964583363,0.8091639150046285,-1.808285375610096,-1.7491954488249184,0.7557319287247728
1778147091295787755,1778147091.2957878,-0.4074942594262697,-0.03391501580014014,0.809208809247859,-1.808274626946147,-1.7491028453681672,0.7557867887203966
1778147091315803536,1778147091.3158038,-0.4075179076497664,-0.0339293925412953,0.8091961103909961,-1.8083044188087776,-1.7491106057481165,0.7557256840499864
1778147091335811712,1778147091.3358116,-0.4075125499228943,-0.03392061553705152,0.809175172767168,-1.8083163606076047,-1.7491088831546768,0.7557071705310268
1778147091355741368,1778147091.3557415,-0.4075028607381567,-0.03392234447879262,0.8092308640946001,-1.808213935617388,-1.749108083413726,0.7557792763158585
1778147091375832707,1778147091.375833,-0.4074906036217421,-0.03391213981558735,0.8092392268089436,-1.8082851103578346,-1.7491266815521536,0.7558378426933149
1778147091395838365,1778147091.3958385,-0.4074976416100116,-0.03392584939880069,0.8091857890435905,-1.8082693022353071,-1.749168243887175,0.7557384698360646
1778147091415793594,1778147091.4157937,-0.4075045710941121,-0.033909090516270994,0.8092155909052096,-1.808280305186065,-1.7490919962587832,0.7557271652931057
1778147091435760662,1778147091.4357607,-0.4074964559216271,-0.03393026031216679,0.8092014921941306,-1.808278165142895,-1.7491084114141877,0.755762588684926
1778147091455838105,1778147091.4558382,-0.40752817585780365,-0.03393972600554168,0.809159335375375,-1.8083187652702555,-1.7491453844496132,0.7556339351669652
1778147091475928685,1778147091.4759288,-0.4074938753148499,-0.033917349077529114,0.8092162124430442,-1.808265067709583,-1.7491196567383616,0.7557588802132779
1778147091495714807,1778147091.495715,-0.40748609263158875,-0.03388920216915404,0.8092196782630097,-1.8082901603714556,-1.7490271836289166,0.7557865374981207
1778147091515824458,1778147091.5158246,-0.4075331408911002,-0.033932109574063854,0.8091728219161712,-1.808254873855851,-1.7491221047494947,0.7556413048531928
1778147091535791418,1778147091.5357914,-0.4075139762205348,-0.03392263636574827,0.8091684746142083,-1.8082747441973603,-1.7491338664882012,0.7556665211701993
1778147091555761608,1778147091.5557618,-0.4075037988323589,-0.03392222379335202,0.809223446193582,-1.8082696595677077,-1.749082047944074,0.7558081335500845
1778147091575757059,1778147091.5757573,-0.4074984440191577,-0.03391848314049696,0.809204340079646,-1.8082710411923724,-1.7491077710523364,0.7557577535713798
1778147091595771376,1778147091.5957716,-0.4074914115346267,-0.03392413718308735,0.8092079502610044,-1.808272825909713,-1.7491165910822248,0.7557874051326879
1778147091615988350,1778147091.6159883,-0.4075029791572017,-0.03392237149625641,0.8092012224496322,-1.808287589444033,-1.7490959454306307,0.7557708437578945
1778147091635808331,1778147091.6358085,-0.4075114636912317,-0.03391995958549804,0.8091922917967286,-1.8082419520969755,-1.7491211700772396,0.7557421863275265
1778147091655808192,1778147091.6558084,-0.4074906021999566,-0.03390102540957128,0.8092268525661475,-1.8082545361165845,-1.7490395294634251,0.7557995216103005
1778147091675751557,1778147091.6757517,-0.40751695176585223,-0.033916171097103064,0.8091790436132947,-1.808279217344509,-1.7491481257488806,0.7556607560629934
1778147091695860964,1778147091.695861,-0.4074954399125659,-0.03393784378034022,0.8092138987403121,-1.8082246940852078,-1.7491601364745133,0.7558191042517872
1778147091715825956,1778147091.715826,-0.4075113869559802,-0.0339167540726487,0.8092235283804441,-1.808276685741993,-1.7490750751700932,0.7557557244088196
1778147091735709607,1778147091.73571,-0.4074945320542454,-0.03390554517467127,0.8091873727469004,-1.8082962159746192,-1.749091334084545,0.7557326012265084
1778147091755962910,1778147091.755963,-0.4075117203806844,-0.03392303035145092,0.8091939542480677,-1.808263299138009,-1.7491252820780194,0.7557366778371282
1778147091775723613,1778147091.7757237,-0.40751728976192586,-0.033932565883689286,0.8091683244467904,-1.8082936179775206,-1.7491608584270455,0.7556531788085756
1778147091795812543,1778147091.7958126,-0.4074988257913914,-0.033905432321843,0.8092039281509673,-1.8082955399600584,-1.749093963171018,0.755750343483319
1778147091817200754,1778147091.8172007,-0.40749889996693467,-0.03393018539927599,0.8092494084770817,-1.8082171112398149,-1.7491041948911503,0.7558230331837663
1778147091835784986,1778147091.8357852,-0.40750021756400756,-0.033915395165892086,0.8092001993073676,-1.8082878223492698,-1.7490880761679197,0.7558031418788952
1778147091855785938,1778147091.855786,-0.4075024327070471,-0.03393444299889517,0.8092191260053304,-1.808251246572187,-1.7491451925642059,0.7558458526823878
1778147091875770591,1778147091.8757708,-0.40749596423161816,-0.03391731530299442,0.8092418256706605,-1.8082976212649318,-1.7490588866046177,0.7558086049676177
